model,subject_id,rows,accuracy,balanced_accuracy,macro_f1,log_loss,multiclass_brier_score,Distracted_precision,Distracted_recall,Distracted_f1,Focused_precision,Focused_recall,Focused_f1,Neutral_precision,Neutral_recall,Neutral_f1,true_Distracted_predicted_Distracted,true_Distracted_predicted_Focused,true_Distracted_predicted_Neutral,true_Focused_predicted_Distracted,true_Focused_predicted_Focused,true_Focused_predicted_Neutral,true_Neutral_predicted_Distracted,true_Neutral_predicted_Focused,true_Neutral_predicted_Neutral
calibrated,S0018,1000,0.544,0.5430119232163753,0.5430404100503984,0.9428478967107226,0.5638163751757581,0.591715976331361,0.6024096385542169,0.5970149253731343,0.6047904191616766,0.592375366568915,0.5985185185185186,0.4329268292682927,0.43425076452599387,0.433587786259542,200,44,88,41,202,98,97,88,142
calibrated,S0019,1000,0.536,0.529950340634688,0.5302917086200482,0.9522405342594968,0.5688400400670887,0.6083086053412463,0.5873925501432665,0.597667638483965,0.5854341736694678,0.5971428571428572,0.5912305516265912,0.39869281045751637,0.4053156146179402,0.40197693574958815,205,47,97,54,209,87,78,101,122
calibrated,S0034,1000,0.52,0.5181387435076782,0.5164035696245811,0.9643931776820249,0.5786598437120667,0.5479876160990712,0.5566037735849056,0.5522620904836193,0.5737265415549598,0.6045197740112994,0.5887207702888583,0.4243421052631579,0.3932926829268293,0.40822784810126583,177,54,87,52,214,88,94,105,129
calibrated,S0041,1000,0.526,0.5236556563546445,0.5251954572740044,0.9527635052194262,0.5694553837486123,0.6060606060606061,0.5730659025787965,0.5891016200294551,0.5661538461538461,0.5427728613569321,0.5542168674698795,0.4115942028985507,0.4551282051282051,0.4322678843226788,200,53,96,48,184,107,82,88,142
calibrated,S0069,1000,0.526,0.5342277762409342,0.5266268852466099,0.9653784319797748,0.5777287408841686,0.5191740412979351,0.5517241379310345,0.5349544072948328,0.5434173669467787,0.6360655737704918,0.5861027190332326,0.5131578947368421,0.4148936170212766,0.4588235294117647,176,58,85,48,194,63,115,105,156
calibrated,S0073,1000,0.496,0.5042001209408973,0.4955419356514632,0.9810539587041346,0.5929005253444823,0.5327102803738317,0.5445859872611465,0.5385826771653544,0.4948453608247423,0.6095238095238096,0.5462304409672831,0.4570446735395189,0.3584905660377358,0.40181268882175225,171,65,78,43,192,80,107,131,133
calibrated,S0078,1000,0.513,0.5145720077234441,0.5107479891958864,0.9622656470382496,0.5797663917528191,0.5401234567901234,0.541795665634675,0.5409582689335394,0.5691056910569106,0.6287425149700598,0.5974395448079659,0.4169381107491857,0.37317784256559766,0.39384615384615385,175,54,94,39,210,85,110,105,128
calibrated,S0084,1000,0.538,0.5369973982817242,0.5381586232736796,0.9401342916866183,0.5618331791736845,0.5993589743589743,0.5701219512195121,0.584375,0.5855072463768116,0.5838150289017341,0.5846599131693199,0.43440233236151604,0.4570552147239264,0.445440956651719,187,47,94,44,202,100,81,96,149
calibrated,S0096,1000,0.515,0.5176973768460545,0.5123176945855247,0.9739911381922979,0.584145249309867,0.5269461077844312,0.5432098765432098,0.5349544072948328,0.5354330708661418,0.6219512195121951,0.5754583921015515,0.47368421052631576,0.3879310344827586,0.4265402843601896,176,64,84,58,204,66,100,113,135
calibrated,S0119,1000,0.541,0.5413568105578695,0.5420894026868311,0.9506882820687493,0.5690401398389644,0.5762195121951219,0.5625,0.5692771084337349,0.5856697819314641,0.5749235474006116,0.5802469135802469,0.4672364672364672,0.486646884272997,0.47674418604651164,189,51,96,48,188,91,91,82,164
calibrated,S0126,1000,0.529,0.5297302128944413,0.5271876711057873,0.9526267833554716,0.5702925373789413,0.56797583081571,0.5766871165644172,0.5722983257229832,0.5722222222222222,0.6130952380952381,0.5919540229885057,0.4368932038834951,0.3994082840236686,0.41731066460587324,188,56,82,38,206,92,105,98,135
calibrated,S0134,1000,0.542,0.5473847124217103,0.5417185185185185,0.9437099635229358,0.5685103638877416,0.5493827160493827,0.5913621262458472,0.5696,0.5961538461538461,0.6458333333333334,0.62,0.47115384615384615,0.4049586776859504,0.43555555555555553,178,38,85,39,217,80,107,109,147
calibrated,S0145,1000,0.534,0.5329302428481181,0.5285319590281797,0.9578056728006554,0.5733308208623281,0.5748502994011976,0.5680473372781065,0.5714285714285714,0.5706806282722513,0.6526946107784432,0.6089385474860335,0.43661971830985913,0.3780487804878049,0.40522875816993464,192,59,87,43,218,73,99,105,124
calibrated,S0162,1000,0.529,0.5295348058902276,0.5274268123524688,0.9529560725759646,0.5709009941791912,0.5817610062893082,0.5572289156626506,0.5692307692307692,0.5796703296703297,0.6355421686746988,0.6063218390804598,0.41823899371069184,0.3958333333333333,0.40672782874617736,185,49,98,34,211,87,99,104,133
calibrated,S0170,1000,0.535,0.5289752173539836,0.5289200324526959,0.9540103855952775,0.56954966910525,0.5692307692307692,0.5692307692307692,0.5692307692307692,0.6108108108108108,0.6124661246612466,0.6116373477672531,0.4065573770491803,0.40522875816993464,0.40589198036006546,185,56,84,46,226,97,94,88,124
calibrated,S0200,1000,0.524,0.521392256973503,0.5191102038954895,0.9577088426983213,0.574822434014752,0.5626911314984709,0.5575757575757576,0.5601217656012176,0.5828877005347594,0.630057803468208,0.6055555555555555,0.4080267558528428,0.3765432098765432,0.391653290529695,184,54,92,43,218,85,100,102,122
calibrated,S0202,1000,0.521,0.5144360186452865,0.5160021496181001,0.9616790297123754,0.5770226548065641,0.5846153846153846,0.5444126074498568,0.5637982195845698,0.603988603988604,0.5955056179775281,0.5997171145685997,0.36728395061728397,0.4033898305084746,0.38449111470113084,190,62,97,36,212,108,99,77,119
calibrated,S0205,1000,0.528,0.5250764113112757,0.51925516155644,0.9518272707310226,0.5690690487279266,0.5668789808917197,0.5510835913312694,0.5588697017268446,0.5545023696682464,0.670487106017192,0.6070038910505836,0.4393939393939394,0.35365853658536583,0.3918918918918919,178,69,76,43,234,72,93,119,116
calibrated,S0206,1000,0.515,0.5103572701030328,0.5111876865983722,0.9833704088326802,0.5883863473934775,0.5674846625766872,0.5285714285714286,0.5473372781065089,0.5783475783475783,0.5734463276836158,0.5758865248226951,0.3931888544891641,0.42905405405405406,0.41033925686591277,185,61,104,59,203,92,82,87,127
calibrated,S0226,1000,0.501,0.4998073759230828,0.5014076425213184,0.980567619919621,0.5868444002969756,0.5587301587301587,0.5317220543806647,0.544891640866873,0.5568862275449101,0.5360230547550432,0.5462555066079295,0.396011396011396,0.43167701863354035,0.413075780089153,176,52,103,52,186,109,87,96,139
calibrated,S0236,1000,0.522,0.5201381389561802,0.5173622947784661,0.9482413507865705,0.5687183807634817,0.5775075987841946,0.5792682926829268,0.578386605783866,0.5737265415549598,0.6202898550724638,0.596100278551532,0.3959731543624161,0.36085626911314983,0.3776,190,46,92,43,214,88,96,113,118
calibrated,S0238,1000,0.522,0.5262458385351644,0.5209500462809008,0.9716385254208386,0.5824099526101024,0.5352941176470588,0.56875,0.5515151515151515,0.5454545454545454,0.6111111111111112,0.5764192139737991,0.4781144781144781,0.398876404494382,0.4349157733537519,182,57,81,52,198,74,106,108,142
calibrated,S0239,1000,0.531,0.5232514600695309,0.5231018265187753,0.9639958457256109,0.5763125107188488,0.577639751552795,0.5375722543352601,0.5568862275449101,0.5916230366492147,0.6260387811634349,0.6083445491251682,0.40202702702702703,0.4061433447098976,0.40407470288624786,186,71,89,47,226,88,89,85,119
calibrated,S0243,1000,0.508,0.5106659079102469,0.4997788066003608,0.9485617761075363,0.5686972698265358,0.5510752688172043,0.5873925501432665,0.5686546463245492,0.5306666666666666,0.6378205128205128,0.5793304221251819,0.41106719367588934,0.30678466076696165,0.35135135135135137,205,58,86,50,199,63,117,118,104
calibrated,S0245,1000,0.552,0.5495537014449375,0.5486688744242701,0.9288204901824398,0.554491910362242,0.6017964071856288,0.5894428152492669,0.5955555555555555,0.6039325842696629,0.6342182890855457,0.6187050359712231,0.43870967741935485,0.425,0.43174603174603177,201,48,92,42,215,82,91,93,136
calibrated,S0253,1000,0.536,0.5335091420534458,0.5350171430183208,0.9514553810122918,0.5680968664955651,0.5769230769230769,0.5555555555555556,0.5660377358490566,0.6151603498542274,0.5861111111111111,0.6002844950213371,0.42028985507246375,0.4588607594936709,0.43872919818456885,180,42,102,51,211,98,81,90,145
calibrated,S0277,1000,0.526,0.5263352913204545,0.5239207781554411,0.9541063990406408,0.5719452199647803,0.5980066445182725,0.5341246290801187,0.5642633228840125,0.5616797900262467,0.6484848484848484,0.6019690576652602,0.41509433962264153,0.3963963963963964,0.4055299539170507,180,52,105,35,214,81,86,115,132
calibrated,S0283,1000,0.508,0.5083736687204896,0.5097960669475065,0.9533907229808307,0.5743420880869711,0.5645161290322581,0.5057803468208093,0.5335365853658537,0.5835866261398176,0.5907692307692308,0.5871559633027523,0.39058171745152354,0.42857142857142855,0.40869565217391307,175,51,120,33,192,100,102,86,141
calibrated,S0296,1000,0.534,0.533156827829902,0.5305872452670483,0.9338323816838366,0.5600377350767086,0.5723076923076923,0.5961538461538461,0.5839874411302983,0.5989159891598916,0.6207865168539326,0.6096551724137931,0.4150326797385621,0.3825301204819277,0.3981191222570533,186,44,82,38,221,97,101,104,127
calibrated,S0309,1000,0.501,0.4994206789996678,0.4999665938826592,0.9731415863181366,0.5862078927405018,0.5668789808917197,0.5235294117647059,0.5443425076452599,0.546742209631728,0.5710059171597633,0.5586107091172214,0.39039039039039036,0.40372670807453415,0.3969465648854962,178,60,102,44,193,101,92,100,130
calibrated,S0317,1000,0.517,0.5132448183080823,0.5125750364166575,0.9590190342722401,0.5735494421207195,0.5678233438485805,0.5373134328358209,0.5521472392638037,0.5721925133689839,0.6131805157593123,0.5919778699861687,0.39805825242718446,0.38924050632911394,0.3936,180,58,97,46,214,89,91,102,123
calibrated,S0323,1000,0.52,0.5174552959838489,0.5170080130798546,0.96993042049163,0.5812964934082343,0.5605095541401274,0.5253731343283582,0.5423728813559322,0.5776566757493188,0.6144927536231884,0.5955056179775281,0.41379310344827586,0.4125,0.4131455399061033,176,55,104,50,212,83,88,100,132
calibrated,S0333,1000,0.547,0.547877914273983,0.5454821253595145,0.9500041027040842,0.5682893676548209,0.6146496815286624,0.561046511627907,0.5866261398176292,0.5675675675675675,0.6501547987616099,0.6060606060606061,0.45569620253164556,0.43243243243243246,0.4437596302003082,193,53,98,39,210,74,82,107,144
calibrated,S0353,1000,0.544,0.5390255007326948,0.5379325219309635,0.9410918220667004,0.5621721406140219,0.5619335347432024,0.5740740740740741,0.5679389312977099,0.6199460916442049,0.6353591160220995,0.6275579809004093,0.42953020134228187,0.40764331210191085,0.41830065359477125,186,57,81,43,230,89,102,84,128
calibrated,S0396,1000,0.518,0.5172481984060706,0.5156283916219758,0.9552794350664052,0.5742680165618205,0.5469798657718121,0.5397350993377483,0.5433333333333333,0.5785340314136126,0.6190476190476191,0.5981055480378891,0.41875,0.39296187683284456,0.405446293494705,163,51,88,38,221,98,97,110,134
calibrated,S0409,1000,0.509,0.49776515785752823,0.4919676794867905,0.9673749436861664,0.5774166924496695,0.5315315315315315,0.5396341463414634,0.5355521936459909,0.5721040189125296,0.657608695652174,0.6118836915297092,0.36885245901639346,0.29605263157894735,0.3284671532846715,177,76,75,47,242,79,109,105,90
calibrated,S0426,1000,0.503,0.501664735682319,0.5006817397586183,0.982201167462078,0.5893718138517214,0.5015873015873016,0.5266666666666666,0.5138211382113821,0.5817174515235457,0.5753424657534246,0.5785123966942148,0.4166666666666667,0.40298507462686567,0.40971168437025796,158,54,88,54,210,101,103,97,135
calibrated,S0428,1000,0.499,0.498051087479841,0.49901509806311123,0.9750621003789829,0.5844529495526171,0.5180722891566265,0.5196374622356495,0.5188536953242836,0.581039755351682,0.5555555555555556,0.5680119581464873,0.40175953079178883,0.41896024464831805,0.4101796407185629,172,55,104,52,190,100,108,82,137
calibrated,S0431,1000,0.548,0.5492303189932689,0.5440527894776694,0.9497150127430387,0.5667055965495424,0.5925925925925926,0.5647058823529412,0.5783132530120482,0.574025974025974,0.68,0.6225352112676056,0.4639175257731959,0.40298507462686567,0.43130990415335463,192,61,87,35,221,69,97,103,135
calibrated,S0434,1000,0.535,0.5354637577712834,0.5279537760930645,0.9500066250891428,0.5694854115025597,0.6,0.6151685393258427,0.6074895977808599,0.5422343324250681,0.639871382636656,0.5870206489675516,0.43656716417910446,0.35135135135135137,0.389351081530782,219,53,84,45,199,67,101,115,117
calibrated,S0441,1000,0.527,0.5273208245841142,0.5264286156990265,0.9511276529938925,0.5702473916523865,0.5830985915492958,0.6106194690265486,0.5965417867435159,0.5754716981132075,0.5648148148148148,0.5700934579439252,0.41896024464831805,0.4065281899109792,0.4126506024096386,207,45,87,38,183,103,110,90,137
calibrated,S0453,1000,0.522,0.5210996564502501,0.5224775647866348,0.9620995526764329,0.5763727459908553,0.5384615384615384,0.49538461538461537,0.5160256410256411,0.5975975975975976,0.5784883720930233,0.5878877400295421,0.44021739130434784,0.48942598187311176,0.463519313304721,161,53,111,50,199,95,88,81,162
calibrated,S0459,1000,0.539,0.5424976843698225,0.5393134692365916,0.9505797961036325,0.5696168983790074,0.5488958990536278,0.5686274509803921,0.5585874799357945,0.5793871866295265,0.6227544910179641,0.6002886002886003,0.4845679012345679,0.4361111111111111,0.4590643274853801,174,52,80,39,208,87,104,99,157
calibrated,S0470,1000,0.488,0.4859493870557012,0.48137211045907696,0.9785003083747414,0.5871240648055319,0.5329153605015674,0.5105105105105106,0.5214723926380368,0.5526992287917738,0.6323529411764706,0.5898491083676269,0.3527397260273973,0.3149847094801223,0.33279483037156704,170,66,97,33,215,92,116,108,103
calibrated,S0497,1000,0.55,0.5502408536723394,0.5418753113917939,0.93916790045297,0.5607749132996532,0.5470588235294118,0.6098360655737705,0.5767441860465117,0.5872235872235873,0.6732394366197183,0.6272965879265092,0.49407114624505927,0.36764705882352944,0.42158516020236086,186,61,58,46,239,70,108,107,125
calibrated,S0506,1000,0.534,0.5332139376408643,0.5304403862212341,0.9329494008264797,0.5586878414249512,0.5584415584415584,0.5566343042071198,0.5575364667747164,0.59375,0.6477272727272727,0.6195652173913043,0.43506493506493504,0.3952802359882006,0.4142194744976816,172,49,88,38,228,86,98,107,134
calibrated,S0507,1000,0.533,0.532356674234434,0.5313704318330769,0.9513553132608842,0.5700756008301477,0.5702702702702702,0.6242603550295858,0.596045197740113,0.5935483870967742,0.5558912386706949,0.5741029641185648,0.43125,0.4169184290030212,0.423963133640553,211,34,93,58,184,89,101,92,138
calibrated,S0513,1000,0.536,0.5342955728162521,0.5343738521765012,0.9489078115877212,0.5670909900011937,0.5945945945945946,0.5657142857142857,0.5797950219619327,0.5760233918128655,0.595166163141994,0.5854383358098069,0.4338461538461538,0.44200626959247646,0.43788819875776397,198,51,101,51,197,83,84,94,141
calibrated,S0515,1000,0.534,0.5342209930141971,0.5344831737983397,0.950486606208327,0.5687338434028445,0.5714285714285714,0.5800604229607251,0.5757121439280359,0.5876923076923077,0.5718562874251497,0.5796661608497724,0.44542772861356933,0.4507462686567164,0.44807121661721067,192,44,95,50,191,93,94,90,151
calibrated,S0521,1000,0.529,0.5338945056946016,0.5281014511545485,0.9702365065880267,0.5794245027462168,0.5391304347826087,0.5688073394495413,0.5535714285714286,0.532967032967033,0.6178343949044586,0.5722713864306784,0.5120274914089347,0.415041782729805,0.4584615384615385,186,61,80,58,194,62,101,109,149
calibrated,S0524,1000,0.518,0.5148975479958889,0.5132795781960288,0.9578513031475101,0.5738555404710481,0.6207951070336392,0.5607734806629834,0.5892597968069666,0.5297297297297298,0.6049382716049383,0.5648414985590778,0.3927392739273927,0.37898089171974525,0.3857374392220421,203,55,104,48,196,80,76,119,119
calibrated,S0540,1000,0.531,0.5274814727752937,0.5259882555378534,0.9597572106957705,0.5735872046453648,0.5670731707317073,0.5535714285714286,0.5602409638554217,0.5828877005347594,0.6282420749279539,0.6047156726768377,0.4261744966442953,0.40063091482649843,0.41300813008130083,186,62,88,46,218,83,96,94,127
calibrated,S0552,1000,0.514,0.5197124307420374,0.5154723142443559,0.962094762209922,0.5788466711031282,0.5100286532951289,0.5476923076923077,0.5281899109792285,0.5632530120481928,0.603225806451613,0.5825545171339563,0.4670846394984326,0.40821917808219177,0.43567251461988304,178,52,95,48,187,75,123,93,149
calibrated,S0562,1000,0.518,0.5148239147528977,0.5150599839333307,0.9622774175770592,0.575209627294551,0.5572755417956656,0.5421686746987951,0.549618320610687,0.5738161559888579,0.5819209039548022,0.5778401122019635,0.41509433962264153,0.42038216560509556,0.4177215189873418,180,65,87,49,206,99,94,88,132
calibrated,S0569,1000,0.537,0.5375501445802614,0.5369591095351333,0.9443400482689597,0.5640772496823594,0.5463258785942492,0.5570032573289903,0.5516129032258065,0.5971428571428572,0.6005747126436781,0.5988538681948424,0.4658753709198813,0.45507246376811594,0.4604105571847507,171,48,88,47,209,92,95,93,157
calibrated,S0584,1000,0.554,0.5477237579158801,0.546703993156004,0.9367957080408976,0.5548500636496267,0.5739130434782609,0.5857988165680473,0.5797950219619327,0.6267029972752044,0.6442577030812325,0.6353591160220995,0.4375,0.4131147540983607,0.42495784148397975,198,54,86,51,230,76,96,83,126
calibrated,S0608,1000,0.522,0.5254075993959436,0.521091296672839,0.9662820523572948,0.5788284875663352,0.543026706231454,0.5772870662460567,0.5596330275229358,0.5543175487465181,0.6012084592145015,0.5768115942028985,0.4605263157894737,0.3977272727272727,0.4268292682926829,183,52,82,50,199,82,104,108,140
calibrated,S0614,1000,0.529,0.5260509550520293,0.5262980459819556,0.9525987625858208,0.5686752021340801,0.5868263473053892,0.5730994152046783,0.5798816568047337,0.579250720461095,0.5860058309037901,0.5826086956521739,0.41379310344827586,0.41904761904761906,0.416403785488959,196,50,96,51,201,91,87,96,132
calibrated,S0624,1000,0.543,0.5385594652392314,0.5364859322011876,0.948658077669806,0.5658300539575255,0.5900621118012422,0.5775075987841946,0.5837173579109063,0.5703517587939698,0.6394366197183099,0.602921646746348,0.45,0.3987341772151899,0.4228187919463087,190,67,72,46,227,82,86,104,126
calibrated,S0625,1000,0.57,0.5606861467305371,0.5597222667792104,0.9128549618930707,0.5427954164217335,0.6131147540983607,0.5532544378698225,0.5816485225505443,0.6482412060301508,0.7107438016528925,0.6780551905387647,0.4208754208754209,0.4180602006688963,0.41946308724832215,187,47,104,37,258,68,81,93,125
calibrated,S0629,1000,0.533,0.5309495831234962,0.528073362782863,0.9547158506574266,0.5710187236739083,0.5975609756097561,0.5681159420289855,0.5824665676077266,0.5634920634920635,0.6396396396396397,0.5991561181434599,0.4217687074829932,0.38509316770186336,0.4025974025974026,196,53,96,46,213,74,86,112,124
calibrated,S0631,1000,0.516,0.5150739331354162,0.516408974739131,0.9685053246273992,0.5805924140756183,0.5736677115987461,0.5613496932515337,0.5674418604651162,0.572289156626506,0.5397727272727273,0.5555555555555556,0.40974212034383956,0.4440993788819876,0.4262295081967213,183,42,101,57,190,105,79,100,143
calibrated,S0639,1000,0.501,0.4980832536866721,0.49831273475010346,0.9758131179757059,0.5836219777615429,0.5958083832335329,0.5467032967032966,0.5702005730659025,0.5087209302325582,0.541795665634675,0.5247376311844077,0.3944099378881988,0.4057507987220447,0.4,199,63,102,55,175,93,80,106,127
calibrated,S0650,1000,0.537,0.5331754139215831,0.5310561083617437,0.9408397580718587,0.5616663827782526,0.5801749271137027,0.5818713450292398,0.581021897810219,0.5901639344262295,0.631578947368421,0.6101694915254238,0.41924398625429554,0.3860759493670886,0.40197693574958815,199,54,89,46,216,80,98,96,122
calibrated,S0659,1000,0.538,0.5383165462651024,0.5366989911553465,0.9608381979160578,0.5738421510954039,0.5603448275862069,0.5735294117647058,0.5668604651162791,0.5760233918128655,0.6042944785276073,0.5898203592814372,0.47096774193548385,0.437125748502994,0.453416149068323,195,54,91,56,197,73,97,91,146
calibrated,S0675,1000,0.52,0.5167662123737975,0.5152765946756671,0.9740418182387003,0.5820638080430944,0.5263157894736842,0.5230769230769231,0.5246913580246914,0.5924932975871313,0.6278409090909091,0.6096551724137931,0.4243421052631579,0.3993808049535604,0.41148325358851673,170,61,94,50,221,81,103,91,129
calibrated,S0682,1000,0.536,0.53414216591389,0.5351693894400484,0.953325707315022,0.5678652549184057,0.5673076923076923,0.5379939209726444,0.5522620904836193,0.6057971014492753,0.5971428571428572,0.6014388489208633,0.43731778425655976,0.4672897196261682,0.45180722891566266,177,51,101,49,209,92,86,85,150
calibrated,S0684,1000,0.505,0.5042818865165377,0.5028669203105115,0.9656434926776838,0.5801774547629887,0.5607476635514018,0.5487804878048781,0.5546995377503852,0.5506849315068493,0.5894428152492669,0.5694050991501416,0.39490445859872614,0.37462235649546827,0.38449612403100775,180,51,97,47,201,93,94,113,124
calibrated,S0691,1000,0.518,0.5165972369790574,0.5163721581892154,0.968929658462502,0.5810884270009389,0.571875,0.5683229813664596,0.5700934579439252,0.5611111111111111,0.5722379603399433,0.5666199158485273,0.415625,0.40923076923076923,0.4124031007751938,183,49,90,54,202,97,83,109,133
calibrated,S0707,1000,0.529,0.5338657164573289,0.5280985024747894,0.9488184384545302,0.5671168701448315,0.546031746031746,0.5676567656765676,0.5566343042071198,0.5509138381201044,0.6317365269461078,0.5885634588563459,0.48344370860927155,0.4022038567493113,0.43909774436090226,172,55,76,43,211,80,100,117,146
calibrated,S0720,1000,0.501,0.5023456699318127,0.4982827540590846,0.9719643984788157,0.5856367304153678,0.5617283950617284,0.5260115606936416,0.5432835820895522,0.532258064516129,0.61875,0.5722543352601156,0.3980263157894737,0.36227544910179643,0.3793103448275862,182,61,103,42,198,80,100,113,121
calibrated,S0725,1000,0.531,0.5301407249513016,0.5289547182173914,0.9444525132293128,0.5638531324535058,0.5967741935483871,0.5589123867069486,0.5772230889235569,0.5626666666666666,0.6224188790560472,0.5910364145658263,0.42857142857142855,0.4090909090909091,0.4186046511627907,185,56,90,38,211,90,87,108,135
calibrated,S0730,1000,0.513,0.5084423863952229,0.505140431612478,0.9618485970014686,0.5760512408867086,0.5694444444444444,0.6047197640117994,0.586552217453505,0.556786703601108,0.5809248554913294,0.5685997171145686,0.3835125448028674,0.3396825396825397,0.3602693602693603,205,52,82,55,201,90,100,108,107
calibrated,S0737,1000,0.526,0.5228806751133596,0.5232714825830467,0.9553970083229956,0.569754140417719,0.5309446254071661,0.5174603174603175,0.5241157556270096,0.6138888888888889,0.6155988857938719,0.6147426981919333,0.4264264264264264,0.43558282208588955,0.4309559939301973,163,51,101,48,221,90,96,88,142
calibrated,S0738,1000,0.54,0.5372603293512723,0.538559555183343,0.9252728465316498,0.5531344002915849,0.6238244514106583,0.5734870317002881,0.5975975975975976,0.6,0.6142433234421365,0.6070381231671554,0.39880952380952384,0.4240506329113924,0.4110429447852761,199,38,110,38,207,92,82,100,134
calibrated,S0741,1000,0.537,0.5322309836601627,0.533330951699356,0.9441916014371916,0.5626938653985784,0.5727848101265823,0.5468277945619335,0.5595054095826894,0.6264044943820225,0.6194444444444445,0.6229050279329609,0.4054878048780488,0.43042071197411,0.4175824175824176,181,48,102,44,223,93,91,85,133
calibrated,S0750,1000,0.514,0.5138114304470268,0.5088081598310972,0.9571784116248712,0.5754187503716887,0.5947521865889213,0.56353591160221,0.5787234042553191,0.5355191256830601,0.6282051282051282,0.5781710914454278,0.3917525773195876,0.3496932515337423,0.3695299837925446,204,60,98,37,196,79,102,110,114
calibrated,S0759,1000,0.542,0.5393412267156411,0.5392704618864573,0.9474995493711724,0.5653492049902511,0.5786350148367952,0.5635838150289018,0.5710102489019033,0.5994236311239193,0.611764705882353,0.6055312954876274,0.439873417721519,0.4426751592356688,0.44126984126984126,195,61,90,45,208,87,97,78,139
calibrated,S0762,1000,0.55,0.5493866150952863,0.5471439072784062,0.9450982507229446,0.5658260444500515,0.6144578313253012,0.576271186440678,0.5947521865889213,0.5777777777777777,0.6459627329192547,0.6099706744868035,0.44805194805194803,0.42592592592592593,0.43670886075949367,204,53,97,41,208,73,87,99,138
calibrated,S0764,1000,0.527,0.5225986667352149,0.5222165631323727,0.9606730370454585,0.5745470137584373,0.5299684542586751,0.5333333333333333,0.5316455696202531,0.6048387096774194,0.6130790190735694,0.6089309878213802,0.43086816720257237,0.42138364779874216,0.4260731319554849,168,61,86,51,225,91,98,86,134
calibrated,S0768,1000,0.537,0.5335095756111897,0.5286649032665937,0.9606465211792551,0.5752165296902368,0.5628930817610063,0.5391566265060241,0.5507692307692308,0.5920398009950248,0.6898550724637681,0.6372155287817939,0.42857142857142855,0.3715170278637771,0.39800995024875624,179,61,92,39,238,68,100,103,120
calibrated,S0777,1000,0.524,0.5212497765521164,0.5197929302154218,0.9615402072674571,0.5745660570715608,0.5763688760806917,0.5813953488372093,0.5788712011577424,0.5621468926553672,0.5905044510385756,0.5759768451519537,0.4180602006688963,0.39184952978056425,0.4045307443365696,200,58,86,50,199,88,97,97,125
calibrated,S0778,1000,0.539,0.5363440558931725,0.5371705316241208,0.9485229479549566,0.5671769199074753,0.5559105431309904,0.5523809523809524,0.554140127388535,0.6285714285714286,0.6077348066298343,0.6179775280898876,0.43026706231454004,0.44891640866873067,0.4393939393939394,174,42,99,49,220,93,90,88,145
calibrated,S0785,1000,0.527,0.5289020215716976,0.5254456471706687,0.9661081059536876,0.5798141923880945,0.5866261398176292,0.5693215339233039,0.5778443113772455,0.5382513661202186,0.615625,0.5743440233236151,0.4491803278688525,0.40175953079178883,0.4241486068111455,193,55,91,46,197,77,90,114,137
calibrated,S0790,1000,0.524,0.5260099059020046,0.5234542019897684,0.9745172541846482,0.5814434155773418,0.562111801242236,0.5127478753541076,0.5362962962962963,0.5449438202247191,0.6178343949044586,0.5791044776119403,0.46273291925465837,0.44744744744744747,0.4549618320610687,181,65,107,54,194,66,87,97,149
calibrated,S0791,1000,0.514,0.5127967021432666,0.5120316070914733,0.9599128300794938,0.5746291115712225,0.5479041916167665,0.5545454545454546,0.5512048192771084,0.5685714285714286,0.5801749271137027,0.5743145743145743,0.4177215189873418,0.4036697247706422,0.4105754276827372,183,56,91,51,199,93,100,95,132
calibrated,S0805,1000,0.562,0.5554716136433587,0.5557019196067946,0.9234097493457128,0.5489105968396036,0.629080118694362,0.6198830409356725,0.6244477172312224,0.6088154269972452,0.6121883656509696,0.6104972375690608,0.43,0.43434343434343436,0.4321608040201005,212,50,80,49,221,91,76,92,129
calibrated,S0815,1000,0.527,0.5258302969792058,0.5235002317255589,0.9384651489180429,0.5612817318930937,0.5579268292682927,0.5579268292682927,0.5579268292682927,0.5842391304347826,0.6286549707602339,0.6056338028169014,0.4243421052631579,0.39090909090909093,0.4069400630914827,183,53,92,44,215,83,101,100,129
calibrated,S0823,1000,0.55,0.5476963026491328,0.5438185757613588,0.9257973288086215,0.5523826737792243,0.6308724832214765,0.5911949685534591,0.6103896103896104,0.5586854460093896,0.6761363636363636,0.6118251928020566,0.4492753623188406,0.37575757575757573,0.40924092409240925,188,63,67,29,238,85,81,125,124
calibrated,S0858,1000,0.535,0.5316270097185852,0.530951196487269,0.9488640516357002,0.5641092834735276,0.5652173913043478,0.5539772727272727,0.5595408895265424,0.6045845272206304,0.6261127596439169,0.6151603498542274,0.4215686274509804,0.41479099678456594,0.4181523500810373,195,56,101,50,211,76,100,82,129
calibrated,S0863,1000,0.521,0.5245038870703764,0.5195973964911912,0.9601927476547416,0.5783846148317618,0.5366568914956011,0.571875,0.5537065052950075,0.5670391061452514,0.6170212765957447,0.5909752547307132,0.4485049833887043,0.38461538461538464,0.41411042944785276,183,45,92,52,203,74,106,110,135
calibrated,S0891,1000,0.498,0.495811562250521,0.4941242794462947,0.9652721351343878,0.5797056915794299,0.5398773006134969,0.5365853658536586,0.5382262996941896,0.5698630136986301,0.6011560693641619,0.5850914205344585,0.36893203883495146,0.3496932515337423,0.3590551181102362,176,49,103,46,208,92,104,108,114
calibrated,S0913,1000,0.526,0.5232570311954777,0.5218244671678736,0.964623745222919,0.5777058313768585,0.5701219512195121,0.5807453416149069,0.5753846153846154,0.5842391304347826,0.6039325842696629,0.5939226519337016,0.40789473684210525,0.38509316770186336,0.3961661341853035,187,48,87,48,215,93,93,105,124
calibrated,S0918,1000,0.536,0.5353387372744716,0.5350835270855737,0.9467708537214942,0.5638209393373399,0.5169230769230769,0.5283018867924528,0.5225505443234837,0.6239067055393586,0.622093023255814,0.6229985443959243,0.463855421686747,0.4556213017751479,0.4597014925373134,168,48,102,54,214,76,103,81,154
calibrated,S0922,1000,0.545,0.5442246599499488,0.539257894857515,0.9382592184565997,0.5599673582939765,0.5738161559888579,0.6280487804878049,0.5997088791848617,0.5803814713896458,0.6228070175438597,0.6008462623413258,0.45985401459854014,0.38181818181818183,0.41721854304635764,206,50,72,53,213,76,100,104,126
calibrated,S0944,1000,0.525,0.5225444125018428,0.5231081672309481,0.9741112675262747,0.5840539853404294,0.5704918032786885,0.54375,0.5568,0.5819672131147541,0.5966386554621849,0.5892116182572614,0.4194528875379939,0.42724458204334365,0.4233128834355828,174,53,93,46,213,98,85,100,138
calibrated,S0957,1000,0.518,0.5205034733077295,0.5146996105448001,0.9547663597746797,0.5729103868614532,0.5969230769230769,0.5590778097982709,0.5773809523809523,0.5356200527704486,0.6444444444444445,0.5850144092219021,0.40878378378378377,0.35798816568047337,0.38170347003154576,194,55,98,35,203,77,96,121,121
calibrated,S0973,1000,0.507,0.508114420223553,0.5069522848994583,0.9750925301974348,0.5884025500587614,0.5253164556962026,0.535483870967742,0.5303514376996805,0.556497175141243,0.5726744186046512,0.5644699140401146,0.43636363636363634,0.4161849710982659,0.4260355029585799,166,60,84,45,197,102,105,97,144
calibrated,S0974,1000,0.51,0.50927474160299,0.507944092383392,0.9507680535394946,0.5702383983961498,0.5436893203883495,0.5299684542586751,0.536741214057508,0.572972972972973,0.6109510086455331,0.5913528591352859,0.40498442367601245,0.3869047619047619,0.395738203957382,168,49,100,44,212,91,97,109,130
calibrated,S1000,1000,0.546,0.5452390872285902,0.5462825728867836,0.9474607121868871,0.5629739548564243,0.5867052023121387,0.5953079178885631,0.5909752547307132,0.6026058631921825,0.5572289156626506,0.5790297339593115,0.4553314121037464,0.4831804281345566,0.4688427299703264,203,43,95,53,185,94,90,79,158
uncalibrated,S0018,1000,0.541,0.5394696977800627,0.535517070342467,0.9397886933920222,0.5630534564968136,0.5798319327731093,0.6234939759036144,0.6008708272859217,0.5893854748603352,0.6187683284457478,0.6037195994277539,0.43157894736842106,0.3761467889908257,0.4019607843137255,207,48,77,45,211,85,105,99,123
uncalibrated,S0019,1000,0.543,0.535390341650087,0.5337039557553508,0.9470031626921737,0.5666420088933198,0.5982905982905983,0.6017191977077364,0.6,0.5887096774193549,0.6257142857142857,0.6066481994459834,0.41155234657039713,0.3787375415282392,0.3944636678200692,210,48,91,59,219,72,82,105,114
uncalibrated,S0034,1000,0.517,0.5146633525817189,0.5097700826358867,0.9597149866009304,0.5765725704315185,0.5294117647058824,0.5660377358490566,0.547112462006079,0.5681233933161953,0.6242937853107344,0.594885598923284,0.4280442804428044,0.35365853658536583,0.38731218697829717,180,58,80,58,221,75,102,110,116
uncalibrated,S0041,1000,0.531,0.5276084608817829,0.5276746879257962,0.9491811189667125,0.5676850607486853,0.5964912280701754,0.5845272206303725,0.5904486251808972,0.5652173913043478,0.5752212389380531,0.5701754385964912,0.4217252396166134,0.4230769230769231,0.4224,204,55,90,53,195,91,85,95,132
uncalibrated,S0069,1000,0.526,0.5369396337598712,0.524357949974239,0.9651773175822645,0.5788467528880306,0.5154061624649859,0.5768025078369906,0.5443786982248521,0.53315649867374,0.659016393442623,0.5894428152492669,0.5300751879699248,0.375,0.4392523364485981,184,63,72,51,201,53,122,113,141
uncalibrated,S0073,1000,0.494,0.504666334746854,0.49064906031452543,0.9790002112164389,0.5925186868192776,0.5343283582089552,0.5700636942675159,0.551617873651772,0.4852941176470588,0.6285714285714286,0.5477178423236515,0.45525291828793774,0.31536388140161725,0.37261146496815284,179,67,68,45,198,72,111,143,117
uncalibrated,S0078,1000,0.516,0.5178251031176506,0.5113741001865474,0.9596102350451794,0.5783045018819561,0.536144578313253,0.5510835913312694,0.5435114503816794,0.561038961038961,0.6467065868263473,0.6008344923504868,0.43109540636042404,0.3556851311953353,0.38977635782747605,178,61,84,41,216,77,113,108,122
uncalibrated,S0084,1000,0.532,0.530601075053979,0.5296724057500403,0.932084934867636,0.5592342710262898,0.5913312693498453,0.5823170731707317,0.5867895545314901,0.5597826086956522,0.5953757225433526,0.5770308123249299,0.4368932038834951,0.41411042944785276,0.4251968503937008,191,54,83,49,206,91,83,108,135
uncalibrated,S0096,1000,0.502,0.5056207969487102,0.49615368661596926,0.9716144279467743,0.5833456351208965,0.5100286532951289,0.5493827160493827,0.5289747399702823,0.5265822784810127,0.6341463414634146,0.5753803596127247,0.453125,0.3333333333333333,0.3841059602649007,178,67,79,59,208,61,112,120,116
uncalibrated,S0119,1000,0.541,0.5415559632595405,0.5406079431122769,0.9463366755364613,0.5678020191226041,0.5668604651162791,0.5803571428571429,0.5735294117647058,0.5808383233532934,0.5932721712538226,0.5869894099848714,0.4720496894409938,0.45103857566765576,0.4613050075872534,195,54,87,50,194,83,99,86,152
uncalibrated,S0126,1000,0.526,0.5269392397754832,0.5202364839374776,0.9504576411714705,0.5692478655909649,0.5552325581395349,0.5858895705521472,0.5701492537313433,0.5654450261780105,0.6428571428571429,0.6016713091922006,0.4343065693430657,0.3520710059171598,0.3888888888888889,191,60,75,40,216,80,113,106,119
uncalibrated,S0134,1000,0.534,0.5415101254160452,0.5311194163190762,0.9401821097605773,0.5680111018864192,0.5457227138643068,0.6146179401993356,0.578125,0.5748031496062992,0.6517857142857143,0.6108786610878661,0.4642857142857143,0.3581267217630854,0.40435458786936235,185,42,74,41,219,76,113,120,130
uncalibrated,S0145,1000,0.533,0.531552100014144,0.5226170602369872,0.9538336077933548,0.5725915345949645,0.5661971830985916,0.5946745562130178,0.5800865800865801,0.554726368159204,0.6676646706586826,0.6059782608695652,0.448559670781893,0.3323170731707317,0.38178633975481613,201,66,71,48,223,63,106,113,109
uncalibrated,S0162,1000,0.531,0.5316145534519029,0.5272496934468766,0.949150574417751,0.5695633603929635,0.5792682926829268,0.572289156626506,0.5757575757575758,0.5661375661375662,0.6445783132530121,0.6028169014084507,0.43197278911564624,0.37797619047619047,0.4031746031746032,190,57,85,36,214,82,102,107,127
uncalibrated,S0170,1000,0.539,0.5313988726614265,0.5289887770350746,0.9505408333041762,0.5682755866275454,0.5647058823529412,0.5907692307692308,0.5774436090225564,0.6062176165803109,0.6341463414634146,0.6198675496688741,0.4124087591240876,0.369281045751634,0.3896551724137931,192,58,75,49,234,86,99,94,113
uncalibrated,S0200,1000,0.536,0.5327004794249496,0.5263039366637035,0.9541861973058937,0.5733581722369481,0.5705882352941176,0.5878787878787879,0.5791044776119403,0.5804020100502513,0.6676300578034682,0.6209677419354839,0.42366412213740456,0.3425925925925926,0.378839590443686,194,57,79,43,231,72,103,110,111
uncalibrated,S0202,1000,0.516,0.5075061247259585,0.5079258963615423,0.9557362623413457,0.5737454170023584,0.5756676557863502,0.5558739255014327,0.565597667638484,0.5955678670360111,0.6039325842696629,0.599721059972106,0.3543046357615894,0.36271186440677966,0.35845896147403683,194,63,92,38,215,103,105,83,107
uncalibrated,S0205,1000,0.528,0.524788167268776,0.5151337001932241,0.9466073861510087,0.5677372163940292,0.5545454545454546,0.56656346749226,0.5604900459418071,0.547945205479452,0.6876790830945558,0.6099110546378653,0.4525862068965517,0.3201219512195122,0.375,183,74,66,48,240,61,99,124,105
uncalibrated,S0206,1000,0.515,0.5073175112158163,0.5063640312652449,0.9818653463226882,0.5872398795917586,0.5558739255014327,0.5542857142857143,0.5550786838340487,0.568733153638814,0.596045197740113,0.5820689655172414,0.39285714285714285,0.3716216216216216,0.3819444444444444,194,65,91,64,211,79,91,95,110
uncalibrated,S0226,1000,0.504,0.5020728448883535,0.5015688802922845,0.979781015413585,0.5857137016342324,0.5531914893617021,0.5498489425981873,0.5515151515151515,0.5446927374301676,0.5619596541786743,0.5531914893617021,0.4057507987220447,0.3944099378881988,0.4,182,59,90,56,195,96,91,104,127
uncalibrated,S0236,1000,0.53,0.5278019918212744,0.5220993615203471,0.9408127691975304,0.5661656813390132,0.5739644970414202,0.5914634146341463,0.5825825825825826,0.5688775510204082,0.6463768115942029,0.6051560379918589,0.4185185185185185,0.345565749235474,0.3785594639865997,194,52,82,47,223,75,97,117,113
uncalibrated,S0238,1000,0.519,0.5240970488278541,0.5156612796325912,0.9703864875816468,0.5823512610471357,0.5198863636363636,0.571875,0.5446428571428571,0.5340314136125655,0.6296296296296297,0.5779036827195467,0.49624060150375937,0.3707865168539326,0.42443729903536975,183,64,73,59,204,61,110,114,132
uncalibrated,S0239,1000,0.528,0.5172928312853496,0.5149196215668953,0.9603455739358434,0.5742329997715665,0.5630498533724341,0.5549132947976878,0.5589519650655022,0.585427135678392,0.6454293628808865,0.613965744400527,0.3946360153256705,0.3515358361774744,0.37184115523465705,192,74,80,50,233,78,99,91,103
uncalibrated,S0243,1000,0.511,0.5143258077526658,0.49751413826593655,0.9429693823691794,0.5670053970028787,0.546875,0.6017191977077364,0.572987721691678,0.5277777777777778,0.6698717948717948,0.5903954802259888,0.41818181818181815,0.2713864306784661,0.3291592128801431,210,62,77,52,209,51,122,125,92
uncalibrated,S0245,1000,0.558,0.5550216607265922,0.551990780823365,0.9236132733499961,0.5529305571146071,0.5959302325581395,0.6011730205278593,0.5985401459854015,0.6037735849056604,0.6607669616519174,0.6309859154929578,0.45263157894736844,0.403125,0.42644628099173554,205,53,83,42,224,73,97,94,129
uncalibrated,S0253,1000,0.54,0.5364640308381518,0.5365839704941445,0.9516215187792845,0.567025519644938,0.5768025078369906,0.5679012345679012,0.5723172628304821,0.6043956043956044,0.6111111111111112,0.6077348066298343,0.42902208201892744,0.43037974683544306,0.4296998420221169,184,47,93,52,220,88,83,97,136
uncalibrated,S0277,1000,0.53,0.5303051635395849,0.5236836743894344,0.9525559407148014,0.5714277197285181,0.5815384615384616,0.5608308605341247,0.5709969788519638,0.5577889447236181,0.6727272727272727,0.6098901098901099,0.4296028880866426,0.35735735735735735,0.3901639344262295,189,56,92,42,222,66,94,120,119
uncalibrated,S0283,1000,0.514,0.5143284936274728,0.5129908769882078,0.9467615349520444,0.5705216205946123,0.5538461538461539,0.5202312138728323,0.5365126676602087,0.5787965616045845,0.6215384615384615,0.599406528189911,0.4049079754601227,0.4012158054711246,0.4030534351145038,180,57,109,38,202,85,107,90,132
uncalibrated,S0296,1000,0.537,0.5362809636702962,0.5308366526179437,0.9274035319441298,0.5576209245193976,0.5744047619047619,0.6185897435897436,0.595679012345679,0.5916230366492147,0.6348314606741573,0.6124661246612466,0.41843971631205673,0.35542168674698793,0.38436482084690554,193,46,73,39,226,91,104,110,118
uncalibrated,S0309,1000,0.504,0.5017016068068596,0.4996763007262401,0.9658297159016968,0.5825681262330212,0.5692307692307692,0.5441176470588235,0.556390977443609,0.5372340425531915,0.5976331360946746,0.5658263305322129,0.391304347826087,0.36335403726708076,0.37681159420289856,185,64,91,45,202,91,95,110,117
uncalibrated,S0317,1000,0.515,0.5102974392121219,0.5068327428265543,0.9523492275146983,0.5705638665947644,0.564179104477612,0.564179104477612,0.564179104477612,0.5578406169665809,0.6217765042979942,0.5880758807588076,0.39492753623188404,0.3449367088607595,0.36824324324324326,189,62,84,49,217,83,97,110,109
uncalibrated,S0323,1000,0.517,0.5136153471771577,0.5105375439001653,0.9656087732450649,0.5792342094262067,0.5521472392638037,0.5373134328358209,0.5446293494704992,0.5644329896907216,0.6347826086956522,0.597544338335607,0.4125874125874126,0.36875,0.38943894389438943,180,60,95,53,219,73,93,109,118
uncalibrated,S0333,1000,0.555,0.5559077509361907,0.5501966563383021,0.9478131258310349,0.5680755638010317,0.6102719033232629,0.5872093023255814,0.5985185185185186,0.5670103092783505,0.6811145510835913,0.6188466947960619,0.47330960854092524,0.3993993993993994,0.43322475570032576,202,55,87,42,220,61,87,113,133
uncalibrated,S0353,1000,0.544,0.5374213053653764,0.5324481724847702,0.9348363927885743,0.5597899358807674,0.5485714285714286,0.5925925925925926,0.56973293768546,0.6060606060606061,0.6629834254143646,0.633245382585752,0.4409448818897638,0.35668789808917195,0.39436619718309857,192,65,67,47,240,75,111,91,112
uncalibrated,S0396,1000,0.519,0.5188465033395101,0.5135218805459303,0.948402081009655,0.5719766256577956,0.5396825396825397,0.5629139072847682,0.5510534846029174,0.5675,0.6358543417366946,0.5997357992073976,0.4280701754385965,0.35777126099706746,0.38977635782747605,170,56,76,43,227,87,102,117,122
uncalibrated,S0409,1000,0.508,0.4950931145467061,0.48510289903212245,0.9624259600845385,0.5749522325844383,0.5202312138728323,0.5487804878048781,0.5341246290801187,0.564625850340136,0.6766304347826086,0.61557478368356,0.37089201877934275,0.2598684210526316,0.3056092843326886,180,81,67,52,249,67,114,111,79
uncalibrated,S0426,1000,0.508,0.5064367659419796,0.5025186455656098,0.9800539347990344,0.5880111079497773,0.49848024316109424,0.5466666666666666,0.5214626391096979,0.5800524934383202,0.6054794520547945,0.5924932975871313,0.4241379310344828,0.36716417910447763,0.3936,164,57,79,56,221,88,109,103,123
uncalibrated,S0428,1000,0.512,0.5105660758416918,0.5087380217304585,0.9678486031853739,0.5812092269526584,0.5142045454545454,0.5468277945619335,0.5300146412884333,0.5845272206303725,0.5964912280701754,0.5904486251808972,0.42474916387959866,0.38837920489296635,0.4057507987220447,181,59,91,57,204,81,114,86,127
uncalibrated,S0431,1000,0.546,0.5473800679858626,0.5390029270686727,0.9502825413951622,0.5678414791586454,0.5769230769230769,0.5735294117647058,0.5752212389380531,0.568922305764411,0.6984615384615385,0.6270718232044199,0.4714828897338403,0.3701492537313433,0.41471571906354515,195,66,79,38,227,60,105,106,124
uncalibrated,S0434,1000,0.53,0.5303601046763733,0.5172883530702027,0.94437939557168,0.5681697430717252,0.587012987012987,0.6348314606741573,0.6099865047233468,0.5326370757180157,0.6559485530546624,0.5878962536023055,0.43103448275862066,0.3003003003003003,0.35398230088495575,226,56,74,49,204,58,110,123,100
uncalibrated,S0441,1000,0.532,0.5325033827071881,0.5286042872514948,0.948525452134768,0.5699860231185454,0.5799457994579946,0.6312684365781711,0.6045197740112994,0.5688622754491018,0.5864197530864198,0.5775075987841946,0.43097643097643096,0.3798219584569733,0.4037854889589905,214,49,76,41,190,93,114,95,128
uncalibrated,S0453,1000,0.52,0.5187979451869706,0.518397264394426,0.9567746227022805,0.5740086324698696,0.5236593059936908,0.5107692307692308,0.5171339563862928,0.5887323943661972,0.6075581395348837,0.597997138769671,0.4420731707317073,0.4380664652567976,0.4400606980273141,166,57,102,54,209,81,97,89,145
uncalibrated,S0459,1000,0.536,0.5406425710670163,0.5340834581598526,0.949202516572026,0.5699905543586964,0.5283582089552239,0.5784313725490197,0.5522620904836193,0.5721925133689839,0.6407185628742516,0.6045197740112994,0.49828178694158076,0.4027777777777778,0.445468509984639,177,56,73,47,214,73,111,104,145
uncalibrated,S0470,1000,0.492,0.48962545924229683,0.4811030043228186,0.9772608031997517,0.5856743646332427,0.5363636363636364,0.5315315315315315,0.5339366515837104,0.5441176470588235,0.6529411764705882,0.5935828877005348,0.3549618320610687,0.28440366972477066,0.3157894736842105,177,71,85,34,222,84,119,115,93
uncalibrated,S0497,1000,0.548,0.5488901263576315,0.5344616854595573,0.9369610252768928,0.5608271670018811,0.5403899721448467,0.6360655737704918,0.5843373493975904,0.5761124121779859,0.6929577464788732,0.629156010230179,0.5046728971962616,0.3176470588235294,0.3898916967509025,194,64,47,50,246,59,115,117,108
uncalibrated,S0506,1000,0.539,0.5387353375233562,0.5320477247502775,0.9265037676451606,0.5565698708577989,0.5535168195718655,0.5857605177993528,0.5691823899371069,0.5875,0.6676136363636364,0.625,0.45054945054945056,0.36283185840707965,0.4019607843137255,181,53,75,42,235,75,104,112,123
uncalibrated,S0507,1000,0.533,0.5323149621313693,0.529328280280128,0.9473862522983574,0.5679419464036253,0.5649867374005305,0.6301775147928994,0.5958041958041959,0.581039755351682,0.5740181268882175,0.5775075987841946,0.4391891891891892,0.39274924471299094,0.41467304625199364,213,40,85,60,190,81,104,97,130
uncalibrated,S0513,1000,0.541,0.5379972210308704,0.5350068521421847,0.9453220201151478,0.5659193311324717,0.5872576177285319,0.6057142857142858,0.5963431786216596,0.5607734806629834,0.6132930513595166,0.5858585858585859,0.4548736462093863,0.3949843260188088,0.4228187919463087,212,59,79,56,203,72,93,100,126
uncalibrated,S0515,1000,0.534,0.5343260181175279,0.531989447058184,0.9522744131294317,0.5685419435849799,0.5669515669515669,0.6012084592145015,0.5835777126099707,0.577259475218659,0.592814371257485,0.5849335302806499,0.4477124183006536,0.408955223880597,0.42745709828393136,199,46,86,53,198,83,99,99,137
uncalibrated,S0521,1000,0.529,0.5356923935412621,0.5250363239024628,0.9725436473389448,0.5806179105283849,0.5367847411444142,0.6024464831804281,0.5677233429394812,0.5221932114882507,0.6369426751592356,0.5738880918220947,0.528,0.36768802228412256,0.43349753694581283,197,64,66,62,200,52,108,119,132
uncalibrated,S0524,1000,0.512,0.5072382120422613,0.5017168551830186,0.9532751687155512,0.5714906219096444,0.6045845272206304,0.5828729281767956,0.5935302390998594,0.5207253886010362,0.6203703703703703,0.5661971830985916,0.37735849056603776,0.3184713375796178,0.3454231433506045,211,57,94,52,201,71,86,128,100
uncalibrated,S0540,1000,0.536,0.5313508712272564,0.5266391651543372,0.954972252081121,0.5726691960912421,0.5601173020527859,0.5684523809523809,0.5642540620384048,0.5808080808080808,0.6628242074927954,0.6191117092866757,0.4372623574144487,0.3627760252365931,0.39655172413793105,191,65,80,49,230,68,101,101,115
uncalibrated,S0552,1000,0.52,0.5270632357773322,0.5197187159590919,0.958989203088572,0.5780410854042541,0.5166666666666667,0.5723076923076923,0.5430656934306569,0.5561959654178674,0.6225806451612903,0.5875190258751902,0.4812286689419795,0.3863013698630137,0.42857142857142855,186,54,85,50,193,67,124,100,141
uncalibrated,S0562,1000,0.525,0.5207197497030477,0.5187521287841842,0.9571046538372084,0.5729890691895568,0.5637982195845698,0.572289156626506,0.5680119581464873,0.5602094240837696,0.6045197740112994,0.5815217391304348,0.4306049822064057,0.3853503184713376,0.40672268907563025,190,71,71,51,214,89,96,97,121
uncalibrated,S0569,1000,0.538,0.5386555636405468,0.5352635393832686,0.9403719710389985,0.5633349814203561,0.5306748466257669,0.5635179153094463,0.5466034755134281,0.5956873315363881,0.6350574712643678,0.6147426981919333,0.4752475247524752,0.41739130434782606,0.4444444444444444,173,52,82,50,221,77,103,98,144
uncalibrated,S0584,1000,0.557,0.5489295249253708,0.5451666108378496,0.9355330050362791,0.5552802300106965,0.5650969529085873,0.6035502958579881,0.5836909871244635,0.6175710594315246,0.6694677871148459,0.6424731182795699,0.4523809523809524,0.3737704918032787,0.40933572710951527,204,57,77,57,239,61,100,91,114
uncalibrated,S0608,1000,0.521,0.5251191683482109,0.5182607516566369,0.9630798765393407,0.5780731169071216,0.5436046511627907,0.5899053627760252,0.5658093797276853,0.5413333333333333,0.6132930513595166,0.5750708215297451,0.46619217081850534,0.3721590909090909,0.41390205371248023,187,57,73,51,203,77,106,115,131
uncalibrated,S0614,1000,0.532,0.5281110940616848,0.5261694818193702,0.9518475202818703,0.5676685765289746,0.5768115942028985,0.5818713450292398,0.5793304221251819,0.5765027322404371,0.6151603498542274,0.5952045133991537,0.42214532871972316,0.3873015873015873,0.40397350993377484,199,53,90,55,211,77,91,102,122
uncalibrated,S0624,1000,0.535,0.5295320626515174,0.5241565367559313,0.943055490187723,0.563948650675436,0.564327485380117,0.5866261398176292,0.5752608047690015,0.5579710144927537,0.6507042253521127,0.6007802340702211,0.45491803278688525,0.3512658227848101,0.3964285714285714,193,73,63,54,231,70,95,110,111
uncalibrated,S0625,1000,0.572,0.5600498282164442,0.5559240658400628,0.908743705513108,0.5411536993676297,0.60625,0.5739644970414202,0.5896656534954408,0.638095238095238,0.7382920110192838,0.6845466155810983,0.4230769230769231,0.36789297658862874,0.3935599284436494,194,49,95,40,268,55,86,103,110
uncalibrated,S0629,1000,0.535,0.5321588669414756,0.5256784807113689,0.9512864858743925,0.5694387979213279,0.5936599423631124,0.5971014492753624,0.5953757225433526,0.5518987341772152,0.6546546546546547,0.5989010989010989,0.43023255813953487,0.3447204968944099,0.38275862068965516,206,58,81,49,218,66,92,119,111
uncalibrated,S0631,1000,0.519,0.5175104414568271,0.5162047388630796,0.9645185613780205,0.5781734655591949,0.5722713864306784,0.5950920245398773,0.5834586466165413,0.550561797752809,0.5568181818181818,0.5536723163841808,0.42295081967213116,0.40062111801242234,0.41148325358851673,194,49,83,63,196,93,82,111,129
uncalibrated,S0639,1000,0.502,0.49775669603511624,0.49575023441623683,0.9725501782140945,0.5816274505348502,0.5847457627118644,0.5686813186813187,0.5766016713091922,0.5027777777777778,0.5603715170278638,0.5300146412884333,0.3986013986013986,0.36421725239616615,0.3806343906510851,207,68,89,59,181,83,88,111,114
uncalibrated,S0650,1000,0.545,0.540411330717793,0.5355181307700497,0.9343260017921693,0.5593443927398286,0.5761772853185596,0.6081871345029239,0.5917496443812233,0.5826771653543307,0.6491228070175439,0.6141078838174274,0.44573643410852715,0.3639240506329114,0.40069686411149824,208,59,75,52,222,68,101,100,115
uncalibrated,S0659,1000,0.527,0.5272044867320574,0.5220510259170855,0.9569391320568188,0.5720958192973149,0.5604395604395604,0.6,0.5795454545454546,0.5454545454545454,0.6073619631901841,0.5747460087082729,0.45787545787545786,0.37425149700598803,0.41186161449752884,204,59,77,57,198,71,103,106,125
uncalibrated,S0675,1000,0.526,0.5224885975737369,0.5193008806103873,0.9752135688455276,0.5817424119630329,0.5315315315315315,0.5446153846153846,0.5379939209726444,0.587012987012987,0.6420454545454546,0.6132971506105834,0.43617021276595747,0.38080495356037153,0.4066115702479339,177,64,84,51,226,75,105,95,123
uncalibrated,S0682,1000,0.545,0.5424358403797657,0.5412865242391457,0.953880996677426,0.5681800479928063,0.5595238095238095,0.5714285714285714,0.5654135338345865,0.6005509641873278,0.6228571428571429,0.6115007012622721,0.46179401993355484,0.43302180685358255,0.44694533762057875,188,54,87,57,218,75,91,91,139
uncalibrated,S0684,1000,0.503,0.5020572625789871,0.49617179189221866,0.9610369606507322,0.5780508471159046,0.5535714285714286,0.5670731707317073,0.5602409638554217,0.5384615384615384,0.6158357771260997,0.5745554035567716,0.3905109489051095,0.32326283987915405,0.3537190082644628,186,57,85,49,210,82,101,123,107
uncalibrated,S0691,1000,0.509,0.5068161013351308,0.5033100662420201,0.9632690389939673,0.5791813576730533,0.5505952380952381,0.5745341614906833,0.5623100303951368,0.5471204188481675,0.5920679886685553,0.5687074829931973,0.4078014184397163,0.35384615384615387,0.37891268533772654,185,53,84,61,209,83,90,120,115
uncalibrated,S0707,1000,0.525,0.5319214828396285,0.5205104545035609,0.9469991674136503,0.567044061388859,0.5297619047619048,0.5874587458745875,0.5571205007824727,0.5420792079207921,0.655688622754491,0.5934959349593496,0.49230769230769234,0.3526170798898072,0.41091492776886035,178,58,67,50,219,65,108,127,128
uncalibrated,S0720,1000,0.5,0.5014110146758506,0.4929438010519546,0.9653828765113106,0.5829542046521358,0.5510204081632653,0.546242774566474,0.548621190130624,0.5256410256410257,0.640625,0.5774647887323944,0.3970037453183521,0.31736526946107785,0.3527454242928453,189,66,91,45,205,70,109,119,106
uncalibrated,S0725,1000,0.531,0.5299974857523717,0.5263951693008141,0.9424872333008589,0.5626465393896156,0.5820433436532507,0.56797583081571,0.5749235474006116,0.5538461538461539,0.6371681415929203,0.5925925925925926,0.4425087108013937,0.38484848484848483,0.41166936790923825,188,64,79,42,216,81,93,110,127
uncalibrated,S0730,1000,0.517,0.5116216989407434,0.5050787901209558,0.9550228703733822,0.573635009329433,0.5661375661375662,0.6312684365781711,0.596931659693166,0.5540540540540541,0.5924855491329479,0.5726256983240223,0.3888888888888889,0.3111111111111111,0.345679012345679,214,54,71,58,205,83,106,111,98
uncalibrated,S0737,1000,0.523,0.5195574785710986,0.5176790508053756,0.9528922105193643,0.5688685624079642,0.5264797507788161,0.5365079365079365,0.5314465408805031,0.5978835978835979,0.6295264623955432,0.6132971506105834,0.42524916943521596,0.39263803680981596,0.4082934609250399,169,56,90,50,226,83,102,96,128
uncalibrated,S0738,1000,0.546,0.5422526721800897,0.5408217195020701,0.917868599468352,0.5505346195072046,0.616519174041298,0.6023054755043228,0.60932944606414,0.5916666666666667,0.6320474777448071,0.6111908177905309,0.4119601328903654,0.3924050632911392,0.4019448946515397,209,41,97,44,213,80,86,106,124
uncalibrated,S0741,1000,0.536,0.5295711566727611,0.5279647157467162,0.9377270689353516,0.5598735570587472,0.5585585585585585,0.5619335347432024,0.5602409638554217,0.6078947368421053,0.6416666666666667,0.6243243243243243,0.4146341463414634,0.3851132686084142,0.39932885906040266,186,57,88,49,231,80,98,92,119
uncalibrated,S0750,1000,0.518,0.5173532982738827,0.5077081899110184,0.9506322076564476,0.5731921746813736,0.5883977900552486,0.5883977900552486,0.5883977900552486,0.5326370757180157,0.6538461538461539,0.5870503597122302,0.396078431372549,0.3098159509202454,0.3476764199655766,213,62,87,41,204,67,108,117,101
uncalibrated,S0759,1000,0.547,0.5430178507101084,0.5404913516521631,0.9445294239521973,0.5640354978018164,0.5758426966292135,0.5924855491329479,0.584045584045584,0.5885558583106267,0.6352941176470588,0.611032531824611,0.4548736462093863,0.4012738853503185,0.4263959390862944,205,65,76,49,216,75,102,86,126
uncalibrated,S0762,1000,0.545,0.5439130044878019,0.5392061913021501,0.940663444504601,0.5642968677377963,0.611764705882353,0.5875706214689266,0.5994236311239193,0.5538057742782152,0.65527950310559,0.6002844950213371,0.45161290322580644,0.3888888888888889,0.417910447761194,208,61,85,43,211,68,89,109,126
uncalibrated,S0764,1000,0.533,0.5274383411959885,0.5238481317786254,0.9574248378279681,0.5729458187986222,0.5205882352941177,0.5619047619047619,0.5404580152671755,0.5974683544303797,0.6430517711171662,0.6194225721784777,0.4528301886792453,0.37735849056603776,0.411663807890223,177,67,71,57,236,74,106,92,120
uncalibrated,S0768,1000,0.543,0.539082871621993,0.5310958243997649,0.9594049885338389,0.5752514448433035,0.5598802395209581,0.5632530120481928,0.5615615615615616,0.5823389021479713,0.7072463768115942,0.6387434554973822,0.4534412955465587,0.34674922600619196,0.3929824561403509,187,67,78,44,244,57,103,108,112
uncalibrated,S0777,1000,0.52,0.5165274818002196,0.5121417066133721,0.9588898133909391,0.5733889033332271,0.5564738292011019,0.5872093023255814,0.5714285714285714,0.5567567567567567,0.6112759643916914,0.5827439886845828,0.41947565543071164,0.3510971786833856,0.3822525597269625,202,63,79,55,206,76,106,101,112
uncalibrated,S0778,1000,0.551,0.5478520263392747,0.5462808108670817,0.9452278298122249,0.5661219950609905,0.5512048192771084,0.580952380952381,0.5656877897990726,0.625,0.6353591160220995,0.6301369863013698,0.46,0.42724458204334365,0.44301765650080255,183,47,85,55,230,77,94,91,138
uncalibrated,S0785,1000,0.532,0.5343957884583777,0.5277037497479745,0.9629809067069798,0.5791376883397278,0.5755813953488372,0.584070796460177,0.5797950219619327,0.5406824146981627,0.64375,0.5877318116975749,0.46545454545454545,0.375366568914956,0.4155844155844156,198,58,83,50,206,64,96,117,128
uncalibrated,S0790,1000,0.531,0.5328131942772603,0.5283834733136069,0.9761121832925655,0.5819172912960169,0.5634218289085545,0.5410764872521246,0.5520231213872833,0.5361930294906166,0.6369426751592356,0.5822416302765647,0.4861111111111111,0.42042042042042044,0.45088566827697263,191,70,92,58,200,56,90,103,140
uncalibrated,S0791,1000,0.516,0.5144562483637564,0.5109354703209044,0.9577816761765489,0.5741719097985335,0.5433526011560693,0.5696969696969697,0.5562130177514792,0.5508021390374331,0.6005830903790087,0.5746164574616457,0.4357142857142857,0.3730886850152905,0.40197693574958815,188,64,78,57,206,80,101,104,122
uncalibrated,S0805,1000,0.567,0.5585541471968064,0.5571310635232134,0.9177616421233895,0.5474192746450581,0.6217765042979942,0.6345029239766082,0.6280752532561505,0.6052631578947368,0.6371191135734072,0.6207827260458839,0.44280442804428044,0.40404040404040403,0.4225352112676056,217,52,73,53,230,78,79,98,120
uncalibrated,S0815,1000,0.533,0.5314855875831485,0.5239890631361847,0.9311548452657279,0.5590247201531254,0.553314121037464,0.5853658536585366,0.5688888888888889,0.5772151898734177,0.6666666666666666,0.6187245590230664,0.437984496124031,0.3424242424242424,0.3843537414965986,192,58,78,47,228,67,108,109,113
uncalibrated,S0823,1000,0.547,0.5442884028968934,0.5348584830336961,0.9206813962353534,0.5513632413020092,0.6088328075709779,0.6069182389937107,0.6078740157480315,0.5563063063063063,0.7017045454545454,0.6206030150753769,0.4476987447698745,0.3242424242424242,0.37609841827768015,193,64,61,34,247,71,90,133,107
uncalibrated,S0858,1000,0.537,0.5327329657312387,0.5301417946550502,0.9475982077410127,0.5630527362350131,0.5602240896358543,0.5681818181818182,0.5641748942172073,0.5917808219178082,0.6409495548961425,0.6153846153846154,0.4352517985611511,0.3890675241157556,0.41086587436332767,200,61,91,55,216,66,102,88,121
uncalibrated,S0863,1000,0.525,0.5292070780545958,0.520932410486504,0.9546675121200755,0.5770167619267306,0.5325779036827195,0.5875,0.5586924219910847,0.5585106382978723,0.6382978723404256,0.5957446808510638,0.46863468634686345,0.36182336182336183,0.40836012861736337,188,50,82,57,210,62,108,116,127
uncalibrated,S0891,1000,0.499,0.4964295568343109,0.4904883926690838,0.9612820308471028,0.5770135051280918,0.5333333333333333,0.5609756097560976,0.5468053491827637,0.5572916666666666,0.6184971098265896,0.5863013698630137,0.3726937269372694,0.3098159509202454,0.33835845896147404,184,55,89,51,214,81,110,115,101
uncalibrated,S0913,1000,0.528,0.5242398864773071,0.5195957821928965,0.9601118702795124,0.5759656217688627,0.5571847507331378,0.5900621118012422,0.5731523378582202,0.5854922279792746,0.6348314606741573,0.6091644204851752,0.41025641025641024,0.34782608695652173,0.3764705882352941,190,48,84,53,226,77,98,112,112
uncalibrated,S0918,1000,0.535,0.5346386871642551,0.5322623433519262,0.9455931677058655,0.5641757864923277,0.514792899408284,0.5471698113207547,0.5304878048780488,0.611731843575419,0.6366279069767442,0.6239316239316239,0.46710526315789475,0.42011834319526625,0.4423676012461059,174,51,93,56,219,69,108,88,142
uncalibrated,S0922,1000,0.543,0.5420518838362227,0.5340040980727837,0.9352273492134937,0.5589143265100386,0.5737704918032787,0.6402439024390244,0.6051873198847262,0.5647668393782384,0.6374269005847953,0.5989010989010989,0.4637096774193548,0.3484848484848485,0.39792387543252594,210,54,64,55,218,69,101,114,115
uncalibrated,S0944,1000,0.521,0.5175899307091257,0.5147543562018055,0.9712196690406559,0.5828557297080739,0.5572755417956656,0.5625,0.5598755832037325,0.5677749360613811,0.6218487394957983,0.5935828877005348,0.4160839160839161,0.3684210526315789,0.39080459770114945,180,58,82,50,222,85,93,111,119
uncalibrated,S0957,1000,0.524,0.5265248868884426,0.5173199239180725,0.9531706180826947,0.5727770609291549,0.6017699115044248,0.5878962536023055,0.5947521865889213,0.5292620865139949,0.6603174603174603,0.5875706214689266,0.417910447761194,0.33136094674556216,0.3696369636963696,204,58,85,36,208,71,99,127,112
uncalibrated,S0973,1000,0.504,0.5056046887444404,0.5014271260790222,0.9683256172668745,0.5857797997615679,0.5105740181268882,0.5451612903225806,0.5273010920436817,0.5510752688172043,0.5959302325581395,0.5726256983240223,0.4377104377104377,0.37572254335260113,0.40435458786936235,169,64,77,49,205,90,113,103,130
uncalibrated,S0974,1000,0.51,0.5092890094094651,0.5040386152281314,0.9449682238972046,0.5676922723617835,0.5356037151702786,0.5457413249211357,0.540625,0.5623409669211196,0.6368876080691642,0.5972972972972973,0.4084507042253521,0.34523809523809523,0.3741935483870968,173,54,90,48,221,78,102,118,116
uncalibrated,S1000,1000,0.543,0.5419103211162243,0.541330131012354,0.9461333687869613,0.5627166789094293,0.5761772853185596,0.6099706744868035,0.5925925925925926,0.5869565217391305,0.5692771084337349,0.5779816513761468,0.4605678233438486,0.44648318042813456,0.453416149068323,208,49,84,56,189,87,97,84,146
majority_class,S0018,1000,0.341,0.3333333333333333,0.1695252299279145,23.752767583428504,1.318,0.0,0.0,0.0,0.341,1.0,0.5085756897837435,0.0,0.0,0.0,0,332,0,0,341,0,0,327,0
majority_class,S0019,1000,0.35,0.3333333333333333,0.1728395061728395,23.428374702926433,1.3,0.0,0.0,0.0,0.35,1.0,0.5185185185185185,0.0,0.0,0.0,0,349,0,0,350,0,0,301,0
majority_class,S0034,1000,0.354,0.3333333333333333,0.17429837518463812,23.284200089369957,1.292,0.0,0.0,0.0,0.354,1.0,0.5228951255539144,0.0,0.0,0.0,0,318,0,0,354,0,0,328,0
majority_class,S0041,1000,0.339,0.3333333333333333,0.16878267363704258,23.82485489020674,1.322,0.0,0.0,0.0,0.339,1.0,0.5063480209111277,0.0,0.0,0.0,0,349,0,0,339,0,0,312,0
majority_class,S0069,1000,0.305,0.3333333333333333,0.1558109833971903,25.050339105436784,1.39,0.0,0.0,0.0,0.305,1.0,0.4674329501915709,0.0,0.0,0.0,0,319,0,0,305,0,0,376,0
majority_class,S0073,1000,0.315,0.3333333333333333,0.1596958174904943,24.689902571545595,1.37,0.0,0.0,0.0,0.315,1.0,0.4790874524714829,0.0,0.0,0.0,0,314,0,0,315,0,0,371,0
majority_class,S0078,1000,0.334,0.3333333333333333,0.16691654172913542,24.005073157152335,1.332,0.0,0.0,0.0,0.334,1.0,0.5007496251874063,0.0,0.0,0.0,0,323,0,0,334,0,0,343,0
majority_class,S0084,1000,0.346,0.3333333333333333,0.17137196631996035,23.57254931648291,1.308,0.0,0.0,0.0,0.346,1.0,0.5141158989598811,0.0,0.0,0.0,0,328,0,0,346,0,0,326,0
majority_class,S0096,1000,0.328,0.3333333333333333,0.1646586345381526,24.221335077487048,1.344,0.0,0.0,0.0,0.328,1.0,0.4939759036144578,0.0,0.0,0.0,0,324,0,0,328,0,0,348,0
majority_class,S0119,1000,0.327,0.3333333333333333,0.16428033157498115,24.257378730876166,1.346,0.0,0.0,0.0,0.327,1.0,0.49284099472494347,0.0,0.0,0.0,0,336,0,0,327,0,0,337,0
majority_class,S0126,1000,0.336,0.3333333333333333,0.16766467065868262,23.9329858503741,1.328,0.0,0.0,0.0,0.336,1.0,0.5029940119760479,0.0,0.0,0.0,0,326,0,0,336,0,0,338,0
majority_class,S0134,1000,0.336,0.3333333333333333,0.16766467065868262,23.9329858503741,1.328,0.0,0.0,0.0,0.336,1.0,0.5029940119760479,0.0,0.0,0.0,0,301,0,0,336,0,0,363,0
majority_class,S0145,1000,0.334,0.3333333333333333,0.16691654172913542,24.005073157152335,1.332,0.0,0.0,0.0,0.334,1.0,0.5007496251874063,0.0,0.0,0.0,0,338,0,0,334,0,0,328,0
majority_class,S0162,1000,0.332,0.3333333333333333,0.16616616616616617,24.077160463930575,1.336,0.0,0.0,0.0,0.332,1.0,0.4984984984984985,0.0,0.0,0.0,0,332,0,0,332,0,0,336,0
majority_class,S0170,1000,0.369,0.3333333333333333,0.17969320672023373,22.743545288533177,1.262,0.0,0.0,0.0,0.369,1.0,0.5390796201607012,0.0,0.0,0.0,0,325,0,0,369,0,0,306,0
majority_class,S0200,1000,0.346,0.3333333333333333,0.17137196631996035,23.57254931648291,1.308,0.0,0.0,0.0,0.346,1.0,0.5141158989598811,0.0,0.0,0.0,0,330,0,0,346,0,0,324,0
majority_class,S0202,1000,0.356,0.3333333333333333,0.1750245821042281,23.21211278259172,1.288,0.0,0.0,0.0,0.356,1.0,0.5250737463126843,0.0,0.0,0.0,0,349,0,0,356,0,0,295,0
majority_class,S0205,1000,0.349,0.3333333333333333,0.17247343711391153,23.46441835631555,1.302,0.0,0.0,0.0,0.349,1.0,0.5174203113417346,0.0,0.0,0.0,0,323,0,0,349,0,0,328,0
majority_class,S0206,1000,0.354,0.3333333333333333,0.17429837518463812,23.284200089369957,1.292,0.0,0.0,0.0,0.354,1.0,0.5228951255539144,0.0,0.0,0.0,0,350,0,0,354,0,0,296,0
majority_class,S0226,1000,0.347,0.3333333333333333,0.17173966839891117,23.53650566309379,1.306,0.0,0.0,0.0,0.347,1.0,0.5152190051967335,0.0,0.0,0.0,0,331,0,0,347,0,0,322,0
majority_class,S0236,1000,0.345,0.3333333333333333,0.17100371747211895,23.608592969872028,1.31,0.0,0.0,0.0,0.345,1.0,0.5130111524163569,0.0,0.0,0.0,0,328,0,0,345,0,0,327,0
majority_class,S0238,1000,0.324,0.3333333333333333,0.16314199395770393,24.365509691043524,1.352,0.0,0.0,0.0,0.324,1.0,0.48942598187311176,0.0,0.0,0.0,0,320,0,0,324,0,0,356,0
majority_class,S0239,1000,0.361,0.3333333333333333,0.17683076169483222,23.031894515646126,1.278,0.0,0.0,0.0,0.361,1.0,0.5304922850844966,0.0,0.0,0.0,0,346,0,0,361,0,0,293,0
majority_class,S0243,1000,0.312,0.3333333333333333,0.15853658536585366,24.79803353171295,1.376,0.0,0.0,0.0,0.312,1.0,0.47560975609756095,0.0,0.0,0.0,0,349,0,0,312,0,0,339,0
majority_class,S0245,1000,0.339,0.3333333333333333,0.16878267363704258,23.82485489020674,1.322,0.0,0.0,0.0,0.339,1.0,0.5063480209111277,0.0,0.0,0.0,0,341,0,0,339,0,0,320,0
majority_class,S0253,1000,0.36,0.3333333333333333,0.17647058823529413,23.067938169035244,1.28,0.0,0.0,0.0,0.36,1.0,0.5294117647058824,0.0,0.0,0.0,0,324,0,0,360,0,0,316,0
majority_class,S0277,1000,0.33,0.3333333333333333,0.16541353383458646,24.14924777070881,1.34,0.0,0.0,0.0,0.33,1.0,0.49624060150375937,0.0,0.0,0.0,0,337,0,0,330,0,0,333,0
majority_class,S0283,1000,0.325,0.3333333333333333,0.16352201257861634,24.329466037654406,1.35,0.0,0.0,0.0,0.325,1.0,0.49056603773584906,0.0,0.0,0.0,0,346,0,0,325,0,0,329,0
majority_class,S0296,1000,0.356,0.3333333333333333,0.1750245821042281,23.21211278259172,1.288,0.0,0.0,0.0,0.356,1.0,0.5250737463126843,0.0,0.0,0.0,0,312,0,0,356,0,0,332,0
majority_class,S0309,1000,0.338,0.3333333333333333,0.16841056302939714,23.86089854359586,1.324,0.0,0.0,0.0,0.338,1.0,0.5052316890881914,0.0,0.0,0.0,0,340,0,0,338,0,0,322,0
majority_class,S0317,1000,0.349,0.3333333333333333,0.17247343711391153,23.46441835631555,1.302,0.0,0.0,0.0,0.349,1.0,0.5174203113417346,0.0,0.0,0.0,0,335,0,0,349,0,0,316,0
majority_class,S0323,1000,0.345,0.3333333333333333,0.17100371747211895,23.608592969872028,1.31,0.0,0.0,0.0,0.345,1.0,0.5130111524163569,0.0,0.0,0.0,0,335,0,0,345,0,0,320,0
majority_class,S0333,1000,0.323,0.3333333333333333,0.16276140085663895,24.401553344432642,1.354,0.0,0.0,0.0,0.323,1.0,0.48828420256991684,0.0,0.0,0.0,0,344,0,0,323,0,0,333,0
majority_class,S0353,1000,0.362,0.3333333333333333,0.17719040626529614,22.995850862257008,1.276,0.0,0.0,0.0,0.362,1.0,0.5315712187958884,0.0,0.0,0.0,0,324,0,0,362,0,0,314,0
majority_class,S0396,1000,0.357,0.3333333333333333,0.17538688282977155,23.176069129202602,1.286,0.0,0.0,0.0,0.357,1.0,0.5261606484893147,0.0,0.0,0.0,0,302,0,0,357,0,0,341,0
majority_class,S0409,1000,0.368,0.3333333333333333,0.1793372319688109,22.779588941922295,1.264,0.0,0.0,0.0,0.368,1.0,0.5380116959064327,0.0,0.0,0.0,0,328,0,0,368,0,0,304,0
majority_class,S0426,1000,0.365,0.3333333333333333,0.17826617826617827,22.88771990208965,1.27,0.0,0.0,0.0,0.365,1.0,0.5347985347985348,0.0,0.0,0.0,0,300,0,0,365,0,0,335,0
majority_class,S0428,1000,0.342,0.3333333333333333,0.1698956780923994,23.716723930039386,1.316,0.0,0.0,0.0,0.342,1.0,0.5096870342771982,0.0,0.0,0.0,0,331,0,0,342,0,0,327,0
majority_class,S0431,1000,0.325,0.3333333333333333,0.16352201257861634,24.329466037654406,1.35,0.0,0.0,0.0,0.325,1.0,0.49056603773584906,0.0,0.0,0.0,0,340,0,0,325,0,0,335,0
majority_class,S0434,1000,0.311,0.3333333333333333,0.1581489956775998,24.834077185102068,1.378,0.0,0.0,0.0,0.311,1.0,0.4744469870327994,0.0,0.0,0.0,0,356,0,0,311,0,0,333,0
majority_class,S0441,1000,0.324,0.3333333333333333,0.16314199395770393,24.365509691043524,1.352,0.0,0.0,0.0,0.324,1.0,0.48942598187311176,0.0,0.0,0.0,0,339,0,0,324,0,0,337,0
majority_class,S0453,1000,0.344,0.3333333333333333,0.1706349206349206,23.644636623261146,1.312,0.0,0.0,0.0,0.344,1.0,0.5119047619047619,0.0,0.0,0.0,0,325,0,0,344,0,0,331,0
majority_class,S0459,1000,0.334,0.3333333333333333,0.16691654172913542,24.005073157152335,1.332,0.0,0.0,0.0,0.334,1.0,0.5007496251874063,0.0,0.0,0.0,0,306,0,0,334,0,0,360,0
majority_class,S0470,1000,0.34,0.3333333333333333,0.1691542288557214,23.788811236817622,1.32,0.0,0.0,0.0,0.34,1.0,0.5074626865671642,0.0,0.0,0.0,0,333,0,0,340,0,0,327,0
majority_class,S0497,1000,0.355,0.3333333333333333,0.17466174661746617,23.24815643598084,1.29,0.0,0.0,0.0,0.355,1.0,0.5239852398523985,0.0,0.0,0.0,0,305,0,0,355,0,0,340,0
majority_class,S0506,1000,0.352,0.3333333333333333,0.17357001972386588,23.356287396148197,1.296,0.0,0.0,0.0,0.352,1.0,0.5207100591715976,0.0,0.0,0.0,0,309,0,0,352,0,0,339,0
majority_class,S0507,1000,0.331,0.3333333333333333,0.1657901327322815,24.113204117319693,1.338,0.0,0.0,0.0,0.331,1.0,0.4973703981968445,0.0,0.0,0.0,0,338,0,0,331,0,0,331,0
majority_class,S0513,1000,0.331,0.3333333333333333,0.1657901327322815,24.113204117319693,1.338,0.0,0.0,0.0,0.331,1.0,0.4973703981968445,0.0,0.0,0.0,0,350,0,0,331,0,0,319,0
majority_class,S0515,1000,0.334,0.3333333333333333,0.16691654172913542,24.005073157152335,1.332,0.0,0.0,0.0,0.334,1.0,0.5007496251874063,0.0,0.0,0.0,0,331,0,0,334,0,0,335,0
majority_class,S0521,1000,0.314,0.3333333333333333,0.15930999492643327,24.725946224934713,1.372,0.0,0.0,0.0,0.314,1.0,0.4779299847792998,0.0,0.0,0.0,0,327,0,0,314,0,0,359,0
majority_class,S0524,1000,0.324,0.3333333333333333,0.16314199395770393,24.365509691043524,1.352,0.0,0.0,0.0,0.324,1.0,0.48942598187311176,0.0,0.0,0.0,0,362,0,0,324,0,0,314,0
majority_class,S0540,1000,0.347,0.3333333333333333,0.17173966839891117,23.53650566309379,1.306,0.0,0.0,0.0,0.347,1.0,0.5152190051967335,0.0,0.0,0.0,0,336,0,0,347,0,0,317,0
majority_class,S0552,1000,0.31,0.3333333333333333,0.15776081424936386,24.87012083849119,1.38,0.0,0.0,0.0,0.31,1.0,0.4732824427480916,0.0,0.0,0.0,0,325,0,0,310,0,0,365,0
majority_class,S0562,1000,0.354,0.3333333333333333,0.17429837518463812,23.284200089369957,1.292,0.0,0.0,0.0,0.354,1.0,0.5228951255539144,0.0,0.0,0.0,0,332,0,0,354,0,0,314,0
majority_class,S0569,1000,0.348,0.3333333333333333,0.172106824925816,23.500462009704673,1.304,0.0,0.0,0.0,0.348,1.0,0.516320474777448,0.0,0.0,0.0,0,307,0,0,348,0,0,345,0
majority_class,S0584,1000,0.357,0.3333333333333333,0.17538688282977155,23.176069129202602,1.286,0.0,0.0,0.0,0.357,1.0,0.5261606484893147,0.0,0.0,0.0,0,338,0,0,357,0,0,305,0
majority_class,S0608,1000,0.331,0.3333333333333333,0.1657901327322815,24.113204117319693,1.338,0.0,0.0,0.0,0.331,1.0,0.4973703981968445,0.0,0.0,0.0,0,317,0,0,331,0,0,352,0
majority_class,S0614,1000,0.343,0.3333333333333333,0.17026557458426408,23.680680276650268,1.314,0.0,0.0,0.0,0.343,1.0,0.5107967237527923,0.0,0.0,0.0,0,342,0,0,343,0,0,315,0
majority_class,S0624,1000,0.355,0.3333333333333333,0.17466174661746617,23.24815643598084,1.29,0.0,0.0,0.0,0.355,1.0,0.5239852398523985,0.0,0.0,0.0,0,329,0,0,355,0,0,316,0
majority_class,S0625,1000,0.363,0.3333333333333333,0.177549523110785,22.95980720886789,1.274,0.0,0.0,0.0,0.363,1.0,0.532648569332355,0.0,0.0,0.0,0,338,0,0,363,0,0,299,0
majority_class,S0629,1000,0.333,0.3333333333333333,0.16654163540885222,24.041116810541453,1.334,0.0,0.0,0.0,0.333,1.0,0.49962490622655664,0.0,0.0,0.0,0,345,0,0,333,0,0,322,0
majority_class,S0631,1000,0.352,0.3333333333333333,0.17357001972386588,23.356287396148197,1.296,0.0,0.0,0.0,0.352,1.0,0.5207100591715976,0.0,0.0,0.0,0,326,0,0,352,0,0,322,0
majority_class,S0639,1000,0.323,0.3333333333333333,0.16276140085663895,24.401553344432642,1.354,0.0,0.0,0.0,0.323,1.0,0.48828420256991684,0.0,0.0,0.0,0,364,0,0,323,0,0,313,0
majority_class,S0650,1000,0.342,0.3333333333333333,0.1698956780923994,23.716723930039386,1.316,0.0,0.0,0.0,0.342,1.0,0.5096870342771982,0.0,0.0,0.0,0,342,0,0,342,0,0,316,0
majority_class,S0659,1000,0.326,0.3333333333333333,0.16390145801910508,24.293422384265288,1.348,0.0,0.0,0.0,0.326,1.0,0.4917043740573152,0.0,0.0,0.0,0,340,0,0,326,0,0,334,0
majority_class,S0675,1000,0.352,0.3333333333333333,0.17357001972386588,23.356287396148197,1.296,0.0,0.0,0.0,0.352,1.0,0.5207100591715976,0.0,0.0,0.0,0,325,0,0,352,0,0,323,0
majority_class,S0682,1000,0.35,0.3333333333333333,0.1728395061728395,23.428374702926433,1.3,0.0,0.0,0.0,0.35,1.0,0.5185185185185185,0.0,0.0,0.0,0,329,0,0,350,0,0,321,0
majority_class,S0684,1000,0.341,0.3333333333333333,0.1695252299279145,23.752767583428504,1.318,0.0,0.0,0.0,0.341,1.0,0.5085756897837435,0.0,0.0,0.0,0,328,0,0,341,0,0,331,0
majority_class,S0691,1000,0.353,0.3333333333333333,0.17393446661739345,23.32024374275908,1.294,0.0,0.0,0.0,0.353,1.0,0.5218033998521804,0.0,0.0,0.0,0,322,0,0,353,0,0,325,0
majority_class,S0707,1000,0.334,0.3333333333333333,0.16691654172913542,24.005073157152335,1.332,0.0,0.0,0.0,0.334,1.0,0.5007496251874063,0.0,0.0,0.0,0,303,0,0,334,0,0,363,0
majority_class,S0720,1000,0.32,0.3333333333333333,0.16161616161616163,24.5096843046,1.36,0.0,0.0,0.0,0.32,1.0,0.48484848484848486,0.0,0.0,0.0,0,346,0,0,320,0,0,334,0
majority_class,S0725,1000,0.339,0.3333333333333333,0.16878267363704258,23.82485489020674,1.322,0.0,0.0,0.0,0.339,1.0,0.5063480209111277,0.0,0.0,0.0,0,331,0,0,339,0,0,330,0
majority_class,S0730,1000,0.346,0.3333333333333333,0.17137196631996035,23.57254931648291,1.308,0.0,0.0,0.0,0.346,1.0,0.5141158989598811,0.0,0.0,0.0,0,339,0,0,346,0,0,315,0
majority_class,S0737,1000,0.359,0.3333333333333333,0.17610988471915623,23.103981822424366,1.282,0.0,0.0,0.0,0.359,1.0,0.5283296541574687,0.0,0.0,0.0,0,315,0,0,359,0,0,326,0
majority_class,S0738,1000,0.337,0.3333333333333333,0.1680378957865869,23.89694219698498,1.326,0.0,0.0,0.0,0.337,1.0,0.5041136873597607,0.0,0.0,0.0,0,347,0,0,337,0,0,316,0
majority_class,S0741,1000,0.36,0.3333333333333333,0.17647058823529413,23.067938169035244,1.28,0.0,0.0,0.0,0.36,1.0,0.5294117647058824,0.0,0.0,0.0,0,331,0,0,360,0,0,309,0
majority_class,S0750,1000,0.312,0.3333333333333333,0.15853658536585366,24.79803353171295,1.376,0.0,0.0,0.0,0.312,1.0,0.47560975609756095,0.0,0.0,0.0,0,362,0,0,312,0,0,326,0
majority_class,S0759,1000,0.34,0.3333333333333333,0.1691542288557214,23.788811236817622,1.32,0.0,0.0,0.0,0.34,1.0,0.5074626865671642,0.0,0.0,0.0,0,346,0,0,340,0,0,314,0
majority_class,S0762,1000,0.322,0.3333333333333333,0.16238023197175996,24.43759699782176,1.356,0.0,0.0,0.0,0.322,1.0,0.48714069591527986,0.0,0.0,0.0,0,354,0,0,322,0,0,324,0
majority_class,S0764,1000,0.367,0.3333333333333333,0.1789807364057547,22.815632595311413,1.266,0.0,0.0,0.0,0.367,1.0,0.5369422092172641,0.0,0.0,0.0,0,315,0,0,367,0,0,318,0
majority_class,S0768,1000,0.345,0.3333333333333333,0.17100371747211895,23.608592969872028,1.31,0.0,0.0,0.0,0.345,1.0,0.5130111524163569,0.0,0.0,0.0,0,332,0,0,345,0,0,323,0
majority_class,S0777,1000,0.337,0.3333333333333333,0.1680378957865869,23.89694219698498,1.326,0.0,0.0,0.0,0.337,1.0,0.5041136873597607,0.0,0.0,0.0,0,344,0,0,337,0,0,319,0
majority_class,S0778,1000,0.362,0.3333333333333333,0.17719040626529614,22.995850862257008,1.276,0.0,0.0,0.0,0.362,1.0,0.5315712187958884,0.0,0.0,0.0,0,315,0,0,362,0,0,323,0
majority_class,S0785,1000,0.32,0.3333333333333333,0.16161616161616163,24.5096843046,1.36,0.0,0.0,0.0,0.32,1.0,0.48484848484848486,0.0,0.0,0.0,0,339,0,0,320,0,0,341,0
majority_class,S0790,1000,0.314,0.3333333333333333,0.15930999492643327,24.725946224934713,1.372,0.0,0.0,0.0,0.314,1.0,0.4779299847792998,0.0,0.0,0.0,0,353,0,0,314,0,0,333,0
majority_class,S0791,1000,0.343,0.3333333333333333,0.17026557458426408,23.680680276650268,1.314,0.0,0.0,0.0,0.343,1.0,0.5107967237527923,0.0,0.0,0.0,0,330,0,0,343,0,0,327,0
majority_class,S0805,1000,0.361,0.3333333333333333,0.17683076169483222,23.031894515646126,1.278,0.0,0.0,0.0,0.361,1.0,0.5304922850844966,0.0,0.0,0.0,0,342,0,0,361,0,0,297,0
majority_class,S0815,1000,0.342,0.3333333333333333,0.1698956780923994,23.716723930039386,1.316,0.0,0.0,0.0,0.342,1.0,0.5096870342771982,0.0,0.0,0.0,0,328,0,0,342,0,0,330,0
majority_class,S0823,1000,0.352,0.3333333333333333,0.17357001972386588,23.356287396148197,1.296,0.0,0.0,0.0,0.352,1.0,0.5207100591715976,0.0,0.0,0.0,0,318,0,0,352,0,0,330,0
majority_class,S0858,1000,0.337,0.3333333333333333,0.1680378957865869,23.89694219698498,1.326,0.0,0.0,0.0,0.337,1.0,0.5041136873597607,0.0,0.0,0.0,0,352,0,0,337,0,0,311,0
majority_class,S0863,1000,0.329,0.3333333333333333,0.16503636819663908,24.18529142409793,1.342,0.0,0.0,0.0,0.329,1.0,0.49510910458991725,0.0,0.0,0.0,0,320,0,0,329,0,0,351,0
majority_class,S0891,1000,0.346,0.3333333333333333,0.17137196631996035,23.57254931648291,1.308,0.0,0.0,0.0,0.346,1.0,0.5141158989598811,0.0,0.0,0.0,0,328,0,0,346,0,0,326,0
majority_class,S0913,1000,0.356,0.3333333333333333,0.1750245821042281,23.21211278259172,1.288,0.0,0.0,0.0,0.356,1.0,0.5250737463126843,0.0,0.0,0.0,0,322,0,0,356,0,0,322,0
majority_class,S0918,1000,0.344,0.3333333333333333,0.1706349206349206,23.644636623261146,1.312,0.0,0.0,0.0,0.344,1.0,0.5119047619047619,0.0,0.0,0.0,0,318,0,0,344,0,0,338,0
majority_class,S0922,1000,0.342,0.3333333333333333,0.1698956780923994,23.716723930039386,1.316,0.0,0.0,0.0,0.342,1.0,0.5096870342771982,0.0,0.0,0.0,0,328,0,0,342,0,0,330,0
majority_class,S0944,1000,0.357,0.3333333333333333,0.17538688282977155,23.176069129202602,1.286,0.0,0.0,0.0,0.357,1.0,0.5261606484893147,0.0,0.0,0.0,0,320,0,0,357,0,0,323,0
majority_class,S0957,1000,0.315,0.3333333333333333,0.1596958174904943,24.689902571545595,1.37,0.0,0.0,0.0,0.315,1.0,0.4790874524714829,0.0,0.0,0.0,0,347,0,0,315,0,0,338,0
majority_class,S0973,1000,0.344,0.3333333333333333,0.1706349206349206,23.644636623261146,1.312,0.0,0.0,0.0,0.344,1.0,0.5119047619047619,0.0,0.0,0.0,0,310,0,0,344,0,0,346,0
majority_class,S0974,1000,0.347,0.3333333333333333,0.17173966839891117,23.53650566309379,1.306,0.0,0.0,0.0,0.347,1.0,0.5152190051967335,0.0,0.0,0.0,0,317,0,0,347,0,0,336,0
majority_class,S1000,1000,0.332,0.3333333333333333,0.16616616616616617,24.077160463930575,1.336,0.0,0.0,0.0,0.332,1.0,0.4984984984984985,0.0,0.0,0.0,0,341,0,0,332,0,0,327,0
