iteration_zero_based,round_one_based,train_mlogloss,validation_mlogloss
0,1,1.081623317615986,1.0817084697169066
1,2,1.066807103910957,1.0669214603596926
2,3,1.0537682753813267,1.0539182285749913
3,4,1.0422548591555867,1.0424375013953446
4,5,1.0320878312141555,1.03232552819252
5,6,1.0230292993433134,1.0233079668265581
6,7,1.015016186247468,1.0153356979626418
7,8,1.0078428543229614,1.0082213744962216
8,9,1.001466542405699,1.0018978273630141
9,10,0.9957908139157295,0.9962907058379054
10,11,0.9907081827031714,0.991290071811378
11,12,0.9861255893023099,0.9867902888149023
12,13,0.9820348605359878,0.9827679058068991
13,14,0.9783718771752715,0.9791677720677853
14,15,0.9750680681641187,0.9759509280005098
15,16,0.9721146331362214,0.9730776625978946
16,17,0.9694609984877706,0.9705097061851621
17,18,0.967067751352936,0.968213870883137
18,19,0.9649046712438762,0.9661535914437472
19,20,0.9629681661662459,0.9643000786083936
20,21,0.9612108758373132,0.962628494194299
21,22,0.959628045675861,0.9611419913730025
22,23,0.9581986858350464,0.9598008310797811
23,24,0.9569125942743889,0.9586383229634166
24,25,0.9557332410124157,0.9575471023626626
25,26,0.9546674086308053,0.9565686267802119
26,27,0.9536995216806872,0.955712337166667
27,28,0.9528139177625307,0.9549224615177512
28,29,0.9520027698574853,0.9542159522514045
29,30,0.9512571369745689,0.9535956319738924
30,31,0.9505773630152962,0.9530321053615213
31,32,0.949949598747396,0.9525351563674211
32,33,0.9493751232055042,0.9520936380577087
33,34,0.9488527663731042,0.9516835066447407
34,35,0.9483673279715649,0.951305540766865
35,36,0.94791767198354,0.9509631767193973
36,37,0.9474908603502171,0.9506621513937413
37,38,0.9470968589091407,0.9503984269224107
38,39,0.9467224098458035,0.9501492574316264
39,40,0.9463744546260472,0.9499261866037547
40,41,0.9460514969125283,0.9497319178187102
41,42,0.9457390875023497,0.9495608997705579
42,43,0.9454517830139718,0.9493921172916144
43,44,0.9451852898904735,0.9492422059505433
44,45,0.9449191307945549,0.9491029549908265
45,46,0.9446585146739493,0.9489737815847621
46,47,0.944425913386148,0.9488610734046996
47,48,0.9442126852424656,0.9487629699670523
48,49,0.9439949886364756,0.948689188923873
49,50,0.9437873823265466,0.9486003839435055
50,51,0.9435940396111832,0.9485400057370961
51,52,0.9434015734084163,0.9484617867148295
52,53,0.9432054125583013,0.9484015392193198
53,54,0.9430179025414267,0.9483478860673309
54,55,0.942845595088351,0.9483067482482269
55,56,0.9426787668713874,0.9482641763797403
56,57,0.9425120024328573,0.9482190505300835
57,58,0.942363821554035,0.9481924433746934
58,59,0.9422157302743942,0.948157112319693
59,60,0.9420650914368672,0.9481279171500727
60,61,0.9419024210303809,0.9480937775853276
61,62,0.9417484284414563,0.948084476884678
62,63,0.941594438970999,0.9480580976826698
63,64,0.9414658187356963,0.9480332290009782
64,65,0.9413258753357934,0.9480191126557812
65,66,0.9411788916035742,0.9479992666362226
66,67,0.9410427055992452,0.9479778115539252
67,68,0.9408936236039975,0.9479712305463851
68,69,0.9407805974930259,0.9479620228473842
69,70,0.9406612433496331,0.9479426305687055
70,71,0.9405477838622779,0.9479355512393638
71,72,0.9404170949712608,0.9479290335254744
72,73,0.9402860349018926,0.9479288129000738
73,74,0.9401631639208964,0.947920217525512
74,75,0.9400568782754775,0.9479181838998199
75,76,0.9399333903626034,0.947910529814139
76,77,0.9398067487894185,0.9479142308518663
77,78,0.9397004692780918,0.9479035248238593
78,79,0.9395633291611927,0.9479045368367434
79,80,0.9394382168327857,0.9479039115175232
80,81,0.9392995181090678,0.9479036171354726
81,82,0.939185348584785,0.947911703462638
82,83,0.9390559474396946,0.9479136583490669
83,84,0.9389503690056477,0.9478994556522742
84,85,0.9388252822513852,0.9478969305216148
85,86,0.9386974114559191,0.9478978309996426
86,87,0.9385824195447484,0.9478997355385125
87,88,0.9384639977917953,0.9478971084933542
88,89,0.9383204272917498,0.9478859518368542
89,90,0.9382186316336265,0.9479047333948314
90,91,0.938099303449073,0.9479055386147089
91,92,0.9379939144365969,0.9479094709849917
92,93,0.9378874257318462,0.9479095463757217
93,94,0.9377999103137717,0.947914509001784
94,95,0.937695828296582,0.9479166986284219
95,96,0.9375780098307239,0.9479194622460939
96,97,0.9374568837256144,0.9479210304816998
97,98,0.9373193371559893,0.9479282574516721
98,99,0.9372157717396532,0.9479335513339937
99,100,0.9371089264407834,0.947939262356963
100,101,0.9369966173903883,0.9479499716194161
101,102,0.9368785830097406,0.9479435128050856
102,103,0.9367570607303509,0.9479532856336609
103,104,0.9366305005387403,0.9479581362836063
104,105,0.9365202349463637,0.9479655266002007
105,106,0.9363896732886614,0.9479781027936749
106,107,0.9362710010571166,0.9479722929517366
107,108,0.9361745948432226,0.9479601851819083
108,109,0.9360622516218147,0.9479660820044018
109,110,0.9359259992709809,0.9479571321677602
110,111,0.9358134210959689,0.9479539075976238
111,112,0.9357106967595247,0.9479546333892085
112,113,0.9355941351910414,0.947957968217209
113,114,0.935483467151049,0.9479578851516731
114,115,0.9353583813009677,0.9479661158272996
115,116,0.9352589079464227,0.9479718714987673
116,117,0.9351329449070112,0.9479694301732443
117,118,0.935015064094181,0.9479782636767998
118,119,0.9349022537445543,0.9479755146069452
119,120,0.9348048905430095,0.9479872167534754
120,121,0.9346939026928374,0.9479920698969067
121,122,0.934576472226964,0.9479846394525282
122,123,0.9344683958278037,0.9479812747986243
123,124,0.9343659276058206,0.9479919888297654
124,125,0.9342555882206239,0.9479994340440445
125,126,0.9341516623158727,0.9480143453910574
126,127,0.934040315676571,0.9480233699586615
127,128,0.9339428138872182,0.9480103009898402
128,129,0.9338465723580468,0.9480218957806379
129,130,0.9337322338003692,0.9480310672399588
130,131,0.9336339606253085,0.9480330075369775
131,132,0.9335139327846148,0.948041071889475
132,133,0.9334044110299567,0.9480413467932679
133,134,0.9332842518569529,0.9480350050372072
134,135,0.9331666026261449,0.9480362950094976
135,136,0.9330477629918552,0.9480432295901514
136,137,0.9329366036292618,0.948036993926689
137,138,0.9328133898840206,0.9480368330835738
138,139,0.932702699167183,0.9480320298417657
