theta,alpha,beta,heart_rate,motion_level,label
13.94,189.03,19.09,75,0.78,Distracted
50.27,185.85,109.52,91,0.76,Distracted
14.98,103.11,17.92,80,0.95,Distracted
63.58,30.32,85.47,100,0.57,Moderate
7.48,126.79,115.82,72,0.09,Focused
7.31,93.55,91.14,106,0.87,Distracted
71.17,43.2,80.93,110,0.39,Focused
68.81,36.25,59.51,63,0.04,Moderate
54.0,49.07,87.73,103,0.34,Focused
47.15,33.07,83.88,104,0.91,Distracted
34.87,152.47,80.27,69,0.31,Moderate
57.39,98.76,112.66,85,0.89,Distracted
47.77,157.52,6.38,105,0.55,Distracted
44.17,18.1,93.71,91,0.42,Moderate
9.36,126.97,104.51,88,0.3,Focused
70.33,136.65,50.01,107,0.94,Distracted
57.52,126.36,37.8,90,0.2,Distracted
41.18,195.86,30.43,106,0.58,Distracted
28.46,76.1,36.52,71,0.58,Distracted
27.21,95.76,94.14,102,0.53,Moderate
54.14,59.16,31.84,102,0.61,Distracted
60.89,187.91,66.1,100,0.72,Distracted
42.68,96.69,22.72,74,0.11,Distracted
74.62,79.15,109.59,83,0.31,Focused
71.41,103.42,19.39,71,0.62,Distracted
15.61,149.37,72.44,109,0.88,Distracted
74.84,189.37,62.34,80,0.37,Distracted
49.85,128.18,84.86,62,0.39,Moderate
71.19,78.29,86.09,99,0.13,Moderate
54.69,97.3,29.78,109,0.89,Distracted
55.0,62.75,119.01,74,0.63,Moderate
16.6,169.94,76.32,65,0.16,Moderate
75.08,175.28,54.66,102,0.43,Distracted
48.76,86.25,65.36,94,0.47,Moderate
56.38,109.57,37.23,80,0.32,Distracted
67.08,158.53,33.44,85,0.02,Distracted
13.1,38.95,98.51,92,0.61,Moderate
61.41,46.84,108.43,99,0.03,Focused
24.29,69.98,114.63,60,0.21,Focused
76.12,79.11,30.52,103,0.27,Distracted
9.16,214.3,87.04,64,0.11,Moderate
67.94,74.84,42.44,83,0.84,Distracted
9.85,76.87,35.26,85,0.92,Distracted
67.98,106.1,86.85,109,0.54,Moderate
58.95,130.13,15.86,100,0.97,Distracted
75.2,154.48,51.64,101,0.79,Distracted
27.07,61.09,107.04,102,0.77,Distracted
17.94,176.46,21.37,65,1.0,Distracted
30.19,129.19,84.13,109,0.16,Moderate
44.2,34.2,101.69,75,0.07,Focused
64.85,189.82,95.05,103,0.62,Moderate
77.31,202.01,93.85,100,0.42,Distracted
41.84,207.13,90.18,107,0.07,Moderate
54.34,106.43,56.88,96,0.17,Moderate
36.27,50.75,89.32,91,0.93,Distracted
60.83,32.12,104.89,72,0.82,Distracted
33.94,208.96,27.27,85,0.93,Distracted
63.79,177.17,104.73,96,0.76,Distracted
7.63,29.43,110.31,95,0.91,Distracted
63.11,163.64,81.88,81,0.29,Moderate
76.62,114.7,92.75,80,0.89,Distracted
42.3,37.18,44.66,96,0.11,Moderate
17.88,171.36,54.0,64,0.67,Distracted
16.15,154.31,65.73,94,0.15,Moderate
7.2,143.18,35.39,100,0.83,Distracted
18.7,219.8,90.33,108,0.44,Moderate
77.09,196.89,69.3,88,0.56,Distracted
76.72,195.1,59.45,107,0.37,Distracted
16.84,219.4,92.46,81,0.02,Moderate
13.55,53.73,19.89,80,0.43,Distracted
79.25,165.72,73.23,86,0.56,Distracted
73.73,129.19,13.61,84,0.58,Distracted
75.31,127.38,93.15,72,0.92,Distracted
24.23,25.98,14.18,88,0.39,Distracted
9.43,163.12,48.32,69,0.48,Distracted
9.74,125.4,118.47,99,0.74,Distracted
47.87,10.75,100.75,85,0.05,Focused
50.99,170.79,24.69,63,0.57,Distracted
15.2,157.4,105.32,66,0.95,Distracted
47.34,170.0,25.53,60,0.39,Distracted
13.95,62.54,94.63,72,0.02,Focused
49.2,35.07,75.53,81,0.13,Focused
19.36,186.31,6.21,84,0.47,Distracted
73.62,18.77,49.59,64,0.04,Moderate
62.31,129.52,8.27,100,0.5,Distracted
16.05,164.93,28.77,84,0.38,Distracted
14.14,123.97,25.66,86,0.06,Distracted
10.84,14.57,64.72,90,0.88,Distracted
56.82,68.57,14.05,101,0.88,Distracted
21.15,66.06,69.88,82,0.54,Moderate
18.28,127.29,74.46,63,0.52,Moderate
5.93,52.31,74.49,62,0.09,Focused
69.87,184.88,48.52,88,0.43,Distracted
28.87,147.45,90.19,72,0.41,Moderate
55.12,209.56,102.09,98,0.85,Distracted
76.06,107.71,21.66,85,0.57,Distracted
13.75,91.78,96.89,75,0.8,Distracted
67.31,147.09,112.0,68,0.32,Moderate
57.57,20.87,105.13,80,0.23,Focused
19.75,215.58,24.85,91,0.53,Distracted
34.03,188.83,55.15,60,0.8,Distracted
25.12,70.29,45.34,78,0.36,Moderate
15.1,20.66,40.14,98,0.68,Moderate
5.47,96.29,56.57,70,0.1,Moderate
46.07,58.31,108.28,85,0.28,Focused
32.7,176.49,23.94,62,0.08,Distracted
73.71,35.6,94.78,69,0.84,Distracted
49.13,29.44,33.97,100,0.44,Moderate
53.89,192.2,44.64,103,0.53,Distracted
14.53,213.32,48.74,73,0.42,Distracted
59.58,193.52,6.04,83,0.86,Distracted
17.55,16.83,24.36,63,0.56,Moderate
8.12,152.28,61.99,76,0.25,Moderate
5.22,68.69,75.89,104,0.59,Moderate
41.2,65.03,44.83,73,0.1,Moderate
45.87,101.32,63.7,105,0.05,Moderate
46.38,89.29,79.08,104,0.22,Moderate
12.13,128.19,49.2,77,0.63,Moderate
53.95,19.59,91.05,106,0.49,Moderate
8.99,188.29,68.97,101,0.39,Distracted
65.15,73.15,103.95,68,0.23,Focused
34.83,53.45,59.93,104,0.27,Moderate
42.7,40.06,8.58,102,0.91,Distracted
62.77,148.76,65.09,67,0.03,Distracted
52.72,134.06,72.27,84,0.79,Distracted
53.07,39.31,72.3,92,0.86,Distracted
72.99,37.43,98.1,61,0.69,Moderate
8.33,113.0,36.48,94,0.34,Distracted
67.15,213.43,34.52,86,0.83,Distracted
15.47,113.49,68.32,110,0.58,Moderate
47.7,67.46,96.82,92,0.65,Moderate
11.84,200.5,75.36,110,0.95,Distracted
40.0,139.22,117.02,85,0.96,Distracted
39.28,191.98,55.35,95,0.44,Distracted
76.18,50.38,101.46,78,0.13,Focused
64.82,73.21,65.82,72,0.46,Moderate
61.1,146.32,19.11,101,0.29,Distracted
13.67,13.23,57.67,84,0.78,Distracted
12.53,95.46,106.19,65,0.15,Focused
53.38,122.29,77.36,76,0.87,Distracted
77.34,16.74,73.84,95,0.14,Focused
5.38,183.78,106.16,81,0.55,Moderate
21.69,39.14,73.66,92,0.85,Distracted
45.77,56.71,13.98,104,0.52,Distracted
29.28,23.75,54.77,67,0.57,Moderate
70.23,141.51,41.4,67,0.62,Distracted
33.33,118.02,115.79,84,0.11,Focused
63.07,197.95,5.59,74,0.74,Distracted
6.49,93.27,105.53,102,0.33,Focused
48.29,30.27,20.88,107,0.46,Distracted
39.82,209.27,106.82,94,0.08,Moderate
60.95,88.86,41.48,89,0.97,Distracted
36.28,65.38,18.47,109,0.21,Distracted
60.68,56.62,105.31,98,0.17,Focused
65.42,82.55,52.17,62,0.43,Moderate
20.55,10.67,58.05,88,0.77,Distracted
78.65,27.76,22.58,83,0.32,Distracted
32.2,162.16,118.31,94,0.08,Moderate
60.8,183.06,118.32,103,0.88,Distracted
67.34,56.15,73.43,94,0.81,Distracted
12.58,175.91,86.85,79,0.86,Distracted
49.38,85.69,103.12,102,0.87,Distracted
21.26,157.3,31.99,104,0.16,Distracted
20.23,151.65,25.16,83,0.04,Distracted
51.26,27.49,41.66,73,0.38,Moderate
71.51,49.94,21.73,68,0.47,Distracted
10.39,162.59,18.97,108,0.4,Distracted
35.63,170.48,117.78,90,0.46,Moderate
20.31,177.28,73.19,110,0.23,Moderate
41.64,116.32,48.98,81,0.95,Distracted
24.31,60.44,80.89,92,0.78,Distracted
27.37,185.97,47.37,96,0.63,Distracted
17.68,158.67,77.86,110,0.78,Distracted
74.0,116.17,72.85,70,0.15,Moderate
57.53,109.89,99.59,70,0.04,Moderate
76.64,188.08,38.37,90,0.69,Distracted
76.55,12.8,98.36,80,0.98,Distracted
9.2,206.79,100.86,87,0.52,Moderate
68.22,206.62,37.74,104,0.13,Distracted
71.7,119.54,47.15,97,0.19,Distracted
59.66,218.83,93.98,79,0.26,Distracted
58.69,30.68,14.62,108,0.63,Distracted
61.19,46.71,44.56,74,0.11,Moderate
10.92,85.92,111.05,63,0.84,Distracted
11.2,67.28,16.66,77,0.4,Distracted
63.27,209.25,38.2,91,0.81,Distracted
43.22,29.08,49.44,101,0.3,Moderate
53.85,158.3,58.1,108,0.14,Distracted
70.04,121.34,45.19,99,0.75,Distracted
65.42,74.6,34.23,74,0.06,Distracted
25.14,89.66,93.63,108,0.63,Moderate
21.39,151.46,100.2,81,0.61,Moderate
19.15,77.68,21.51,85,0.78,Distracted
64.08,205.17,115.99,102,0.84,Distracted
56.31,124.25,92.63,78,0.16,Moderate
40.95,27.75,46.24,70,0.16,Moderate
59.56,143.33,87.59,74,0.84,Distracted
52.92,85.45,38.54,108,0.11,Distracted
59.46,150.21,110.02,106,0.43,Moderate
45.43,149.34,49.05,83,0.44,Distracted
23.01,66.51,77.91,88,0.11,Focused
18.4,101.32,75.81,77,0.65,Moderate
52.67,158.8,81.17,72,0.06,Moderate
58.98,145.34,91.18,106,0.73,Distracted
69.7,159.96,16.06,77,0.19,Distracted
60.23,45.85,40.04,91,0.41,Moderate
46.03,160.39,71.4,69,0.25,Distracted
6.76,56.31,22.85,87,0.41,Moderate
69.33,219.67,17.0,97,0.47,Distracted
11.35,50.73,95.84,79,0.65,Moderate
27.28,87.78,72.26,73,0.8,Distracted
53.92,18.74,23.23,88,0.21,Distracted
43.34,138.61,63.47,108,0.83,Distracted
21.18,203.75,93.27,65,0.88,Distracted
62.43,55.64,65.21,76,0.92,Distracted
64.3,99.69,85.01,91,0.35,Moderate
20.9,70.24,57.93,105,0.51,Moderate
32.06,167.08,80.72,102,0.81,Distracted
21.35,23.7,39.67,102,0.88,Distracted
19.6,61.43,19.41,81,0.28,Distracted
39.62,209.36,25.83,100,0.79,Distracted
31.74,137.58,71.97,99,0.61,Moderate
67.84,211.7,18.5,75,0.9,Distracted
14.75,111.77,111.06,85,0.61,Moderate
38.62,123.93,86.79,88,0.1,Moderate
21.83,106.44,109.97,83,0.83,Distracted
24.1,119.2,74.27,71,0.9,Distracted
59.46,138.26,28.94,71,0.35,Distracted
34.75,117.93,75.21,66,0.75,Distracted
19.96,14.39,101.09,84,0.04,Focused
37.25,32.68,76.1,77,0.47,Moderate
35.44,13.42,65.97,95,0.87,Distracted
36.78,52.04,75.82,86,0.04,Focused
41.41,102.36,10.27,108,0.12,Distracted
74.51,47.0,24.58,66,0.32,Distracted
29.53,72.56,71.65,80,0.11,Focused
33.29,141.37,110.31,88,0.37,Moderate
50.45,124.03,94.24,73,0.87,Distracted
18.05,209.75,111.04,82,0.96,Distracted
6.09,86.51,43.68,86,0.17,Moderate
9.76,58.35,13.08,110,0.88,Distracted
20.88,211.7,53.57,76,0.5,Distracted
13.55,122.15,45.65,75,0.11,Distracted
5.18,214.07,12.96,87,0.6,Distracted
52.16,167.26,97.67,95,0.13,Moderate
21.89,40.62,88.96,94,0.16,Focused
29.18,213.65,43.99,90,0.98,Distracted
71.75,210.41,101.92,93,0.34,Moderate
72.91,159.92,55.02,96,0.28,Distracted
29.76,216.21,55.82,60,0.87,Distracted
63.73,144.82,69.81,66,0.36,Distracted
12.65,163.21,62.61,71,0.52,Moderate
14.69,45.19,12.07,84,0.36,Distracted
69.52,81.34,49.7,61,0.02,Distracted
27.59,33.82,115.08,88,0.1,Focused
31.82,55.46,21.7,86,0.15,Distracted
18.03,14.14,51.73,66,0.12,Focused
29.29,62.43,77.97,70,0.31,Focused
75.23,40.34,85.91,102,0.51,Moderate
51.73,80.14,8.18,90,0.61,Distracted
8.66,114.47,111.55,71,0.51,Moderate
66.18,169.56,44.26,81,0.4,Distracted
57.86,202.17,86.31,80,0.11,Distracted
58.25,140.72,46.53,72,0.59,Distracted
63.83,134.18,73.18,67,0.04,Moderate
68.6,159.15,53.08,101,0.49,Distracted
36.73,206.02,43.67,103,0.16,Distracted
28.89,152.99,16.95,79,0.18,Distracted
33.59,156.65,102.66,68,0.46,Moderate
19.48,65.99,92.89,97,0.71,Distracted
77.71,109.14,117.99,104,0.65,Moderate
34.45,52.76,79.07,87,0.51,Moderate
12.68,116.5,97.54,107,0.41,Moderate
61.34,176.46,91.27,99,0.0,Moderate
9.99,210.36,47.41,74,0.24,Distracted
30.04,143.26,8.02,99,0.19,Distracted
70.6,178.48,80.49,85,0.58,Distracted
63.69,15.32,84.33,89,0.84,Distracted
67.1,167.86,56.06,86,0.89,Distracted
44.56,189.19,97.32,92,0.3,Moderate
25.72,40.08,29.37,104,0.55,Moderate
24.7,93.34,107.26,101,0.16,Focused
17.92,84.44,30.4,93,0.06,Distracted
76.56,212.69,69.73,100,0.82,Distracted
45.45,55.52,23.28,99,0.04,Distracted
30.02,124.71,100.32,68,0.05,Moderate
29.54,109.1,85.03,98,0.9,Distracted
58.98,77.38,103.28,96,0.01,Focused
12.45,130.68,61.98,109,0.52,Moderate
78.47,125.35,100.91,69,0.32,Moderate
74.27,23.71,34.6,64,0.74,Distracted
58.06,170.26,90.91,109,0.89,Distracted
36.23,155.93,97.82,70,0.54,Moderate
26.19,13.11,78.44,94,0.75,Distracted
66.52,149.63,36.12,101,0.65,Distracted
25.4,207.06,68.31,103,0.41,Distracted
69.74,55.2,8.67,85,0.1,Distracted
64.11,23.72,102.05,80,0.23,Focused
56.39,130.76,89.56,84,0.78,Distracted
74.88,20.6,107.29,80,0.35,Focused
10.81,138.86,92.33,61,0.53,Moderate
33.36,73.86,48.06,65,0.23,Moderate
8.73,111.3,75.9,74,0.84,Distracted
68.91,129.32,28.67,85,0.06,Distracted
74.21,42.28,72.19,64,0.63,Moderate
59.79,41.82,90.51,64,0.34,Focused
75.43,49.68,52.04,68,0.53,Moderate
70.65,18.58,117.9,69,0.36,Focused
79.59,59.09,83.7,97,0.33,Moderate
57.28,99.35,35.28,69,0.04,Distracted
20.18,189.96,8.63,71,0.6,Distracted
54.23,46.59,79.97,63,0.53,Moderate
49.44,74.55,15.02,61,0.97,Distracted
20.42,39.66,118.28,72,0.7,Distracted
59.1,45.86,109.6,66,0.01,Focused
35.88,92.93,115.31,92,0.93,Distracted
47.44,54.25,39.85,98,0.86,Distracted
65.31,203.6,64.46,108,0.58,Distracted
57.02,214.84,52.29,106,0.73,Distracted
78.61,66.74,93.92,81,0.77,Distracted
69.54,187.94,16.04,102,0.66,Distracted
42.29,66.0,104.18,72,0.65,Moderate
77.59,17.4,113.57,96,0.73,Distracted
53.78,92.52,112.93,66,0.9,Distracted
28.93,123.39,116.34,99,0.23,Focused
61.78,159.05,24.34,97,0.49,Distracted
44.81,77.48,112.57,81,0.15,Focused
19.4,82.31,84.57,80,0.71,Distracted
12.35,154.09,21.83,83,0.09,Distracted
22.52,10.43,97.41,99,0.25,Focused
21.68,106.15,75.86,68,0.11,Moderate
41.71,104.23,12.34,110,0.31,Distracted
31.25,101.78,10.36,63,0.7,Distracted
11.4,22.86,108.77,61,0.45,Moderate
58.53,42.34,47.5,82,0.56,Moderate
26.61,137.16,84.88,104,0.84,Distracted
46.27,117.8,110.32,82,0.33,Moderate
22.6,119.78,99.15,94,0.69,Moderate
68.22,51.51,115.39,77,0.05,Focused
22.91,111.29,101.06,72,0.25,Focused
25.73,182.32,78.75,63,0.65,Moderate
9.36,54.84,47.83,81,0.85,Distracted
7.72,115.59,12.74,60,0.28,Distracted
44.06,32.96,14.37,80,0.66,Distracted
22.75,132.61,19.1,60,0.25,Distracted
13.48,66.63,65.76,90,0.0,Focused
72.53,219.71,33.72,74,0.08,Distracted
61.77,137.44,69.4,69,0.65,Distracted
54.67,72.87,49.14,110,0.81,Distracted
40.37,196.64,106.99,77,0.98,Distracted
10.09,160.33,15.2,81,0.26,Distracted
13.47,171.68,40.14,93,0.99,Distracted
50.6,51.63,100.52,109,0.56,Moderate
23.88,145.08,80.02,87,0.47,Moderate
60.32,177.77,10.21,63,0.08,Distracted
9.47,137.35,10.95,76,0.57,Distracted
56.99,151.79,103.77,96,0.12,Moderate
70.76,107.14,8.5,85,0.37,Distracted
78.22,180.35,115.49,107,0.93,Distracted
75.39,197.4,57.05,94,0.13,Distracted
32.25,175.72,80.34,105,0.86,Distracted
74.25,161.89,87.78,62,0.77,Distracted
21.81,133.26,48.25,91,0.51,Distracted
18.92,97.84,15.72,100,0.05,Distracted
18.24,89.41,54.9,78,0.66,Moderate
63.83,165.94,109.84,60,0.75,Distracted
44.54,18.71,87.74,85,0.15,Focused
29.8,41.05,35.36,65,0.94,Distracted
58.81,130.61,106.41,81,0.1,Moderate
79.58,138.26,89.77,93,0.36,Moderate
32.16,206.28,11.27,99,0.82,Distracted
6.03,211.85,105.91,90,0.7,Distracted
22.92,112.18,43.92,93,0.43,Distracted
61.9,13.67,45.18,81,0.35,Moderate
22.12,56.06,112.59,95,0.68,Moderate
12.74,139.08,54.02,74,0.5,Moderate
68.97,181.13,29.37,93,0.3,Distracted
38.36,168.23,38.19,105,0.89,Distracted
44.17,146.14,75.63,92,0.61,Moderate
14.19,191.12,57.49,62,0.43,Distracted
54.59,211.59,9.11,110,0.74,Distracted
45.19,99.85,60.84,109,0.65,Moderate
62.6,121.98,35.69,75,0.57,Distracted
10.29,172.35,84.87,102,0.76,Distracted
28.59,116.7,72.04,105,0.11,Moderate
50.58,206.73,37.22,68,0.3,Distracted
61.04,74.82,59.11,92,0.71,Distracted
36.19,126.6,111.91,69,0.37,Moderate
41.57,192.4,90.07,68,0.25,Moderate
39.11,106.36,36.37,92,0.02,Distracted
16.07,16.2,102.67,103,0.06,Focused
23.85,11.2,67.69,62,0.2,Focused
30.76,141.97,71.61,93,0.91,Distracted
72.62,141.61,89.6,86,0.15,Moderate
29.76,204.63,39.33,110,0.3,Distracted
41.21,183.89,106.61,85,0.71,Distracted
59.34,215.29,98.05,92,0.2,Moderate
26.25,55.34,101.86,106,0.07,Focused
54.15,202.86,102.45,98,0.08,Moderate
69.06,75.61,14.22,98,0.05,Distracted
41.74,33.25,77.22,68,0.82,Distracted
33.75,27.35,42.0,89,0.09,Moderate
78.04,168.52,87.64,99,0.45,Moderate
66.8,178.41,63.09,94,0.47,Distracted
75.46,24.55,62.25,106,0.28,Moderate
36.25,15.59,115.5,82,0.95,Distracted
49.96,162.18,75.95,72,0.35,Moderate
78.78,95.16,90.51,70,0.83,Distracted
46.0,98.14,93.89,101,0.26,Moderate
33.79,54.95,58.41,92,0.91,Distracted
21.89,41.06,80.13,75,0.99,Distracted
45.16,68.69,75.87,78,0.76,Distracted
64.95,189.06,103.58,107,0.22,Moderate
51.17,14.41,23.02,67,0.08,Moderate
75.2,167.05,115.47,75,0.55,Moderate
50.96,139.25,6.53,68,0.47,Distracted
76.23,86.47,61.21,84,0.0,Moderate
23.01,147.13,89.65,62,0.87,Distracted
39.43,166.31,88.27,81,0.94,Distracted
19.15,200.98,58.93,105,0.03,Distracted
63.95,19.17,116.57,66,0.07,Focused
48.55,181.87,71.34,97,0.34,Distracted
33.22,116.96,36.59,100,0.07,Distracted
8.96,55.7,27.85,63,0.21,Moderate
7.11,89.81,101.12,103,0.21,Focused
77.38,70.37,34.84,102,0.82,Distracted
25.01,175.27,85.46,106,0.19,Moderate
47.83,165.1,39.17,60,0.86,Distracted
28.68,26.73,30.19,86,0.05,Moderate
17.89,96.18,11.11,78,0.06,Distracted
40.06,205.65,69.79,93,0.02,Distracted
66.58,72.26,87.76,98,0.27,Moderate
28.28,26.44,99.82,109,0.3,Focused
6.23,107.22,18.74,70,0.16,Distracted
56.72,170.76,113.05,74,0.59,Moderate
5.08,96.21,10.5,104,0.89,Distracted
29.5,141.59,113.49,67,0.23,Moderate
69.85,194.05,94.79,61,0.29,Moderate
51.44,105.27,58.86,74,0.78,Distracted
5.85,50.66,78.38,102,0.74,Distracted
46.84,201.91,26.04,83,0.41,Distracted
33.36,115.95,74.04,63,0.82,Distracted
18.17,139.94,17.53,110,0.4,Distracted
50.36,53.85,8.38,85,0.54,Distracted
56.05,155.67,95.73,81,0.98,Distracted
35.22,217.31,29.0,76,0.47,Distracted
73.44,107.35,57.47,97,0.5,Distracted
69.78,166.77,48.74,89,0.28,Distracted
43.15,142.51,61.53,104,0.85,Distracted
52.68,188.59,6.27,76,0.5,Distracted
23.68,68.05,30.78,79,0.52,Distracted
20.04,203.23,13.13,66,0.45,Distracted
74.36,126.95,29.85,90,0.87,Distracted
16.62,144.49,7.71,82,1.0,Distracted
62.01,196.25,103.93,77,0.1,Moderate
45.7,29.22,85.12,67,0.77,Distracted
63.55,22.62,71.1,107,0.7,Distracted
8.6,115.5,118.01,71,0.53,Moderate
17.25,196.59,20.37,67,0.5,Distracted
64.16,204.6,9.59,97,0.68,Distracted
19.76,47.82,86.51,73,0.74,Distracted
63.01,40.48,76.8,72,0.25,Focused
79.07,13.34,49.54,92,0.67,Moderate
63.15,129.85,37.19,80,0.01,Distracted
65.91,154.11,49.67,94,0.61,Distracted
19.33,206.71,113.26,93,0.97,Distracted
56.06,40.61,107.78,63,0.92,Distracted
57.87,38.7,11.4,96,0.41,Distracted
29.63,30.2,37.18,100,0.72,Distracted
33.65,176.44,16.96,109,0.19,Distracted
6.28,186.96,16.27,61,0.83,Distracted
73.67,52.07,57.29,68,0.01,Moderate
22.25,75.79,97.77,75,0.25,Focused
25.1,152.86,75.13,75,0.37,Moderate
13.47,139.95,115.59,91,0.7,Distracted
26.46,89.84,62.74,76,0.63,Moderate
13.73,214.6,88.22,94,0.98,Distracted
73.77,88.08,50.71,89,0.79,Distracted
59.99,47.62,79.66,93,0.35,Focused
5.3,218.48,8.22,76,0.08,Distracted
55.56,200.09,29.11,62,0.28,Distracted
60.1,149.98,6.14,81,0.6,Distracted
23.42,18.32,66.29,71,0.03,Focused
39.35,181.59,56.72,101,0.38,Distracted
40.69,135.0,69.14,68,0.31,Moderate
75.53,13.7,70.49,67,0.9,Distracted
56.78,58.59,32.07,100,0.9,Distracted
47.49,28.17,73.08,97,0.92,Distracted
43.85,205.24,106.58,75,0.04,Moderate
23.74,176.38,33.91,60,0.55,Distracted
79.21,120.32,72.2,80,0.83,Distracted
28.34,56.02,60.82,62,0.29,Focused
49.92,15.73,73.74,107,0.39,Focused
41.93,150.27,109.69,81,0.21,Moderate
25.91,87.32,13.87,76,0.88,Distracted
61.97,74.6,111.07,96,0.09,Focused
21.78,212.77,64.94,101,0.34,Distracted
21.2,86.54,65.07,71,0.21,Moderate
28.24,108.99,72.45,70,0.39,Moderate
38.25,24.05,48.04,65,0.54,Moderate
74.27,29.86,81.45,62,0.31,Focused
52.45,154.51,77.66,101,0.73,Distracted
16.0,202.08,46.19,62,0.11,Distracted
24.41,27.96,31.84,90,0.19,Moderate
73.12,72.25,39.57,101,0.82,Distracted
5.26,18.63,68.22,103,0.74,Distracted
32.99,154.59,114.15,106,0.06,Moderate
10.88,131.87,94.79,96,0.19,Moderate
39.51,95.63,101.43,106,0.3,Focused
19.57,164.22,117.74,61,0.86,Distracted
22.81,158.13,24.4,99,0.34,Distracted
70.61,47.79,21.71,70,0.41,Distracted
22.93,108.73,81.18,93,0.36,Moderate
38.87,112.66,101.12,64,0.36,Moderate
51.13,126.23,78.89,71,0.41,Moderate
55.53,163.36,107.16,93,0.32,Moderate
43.54,108.5,24.37,80,0.1,Distracted
17.1,101.13,35.39,75,1.0,Distracted
15.03,155.61,101.1,86,0.05,Moderate
45.45,20.35,26.94,108,0.66,Moderate
13.39,194.95,114.51,108,0.93,Distracted
70.13,103.39,30.82,99,0.9,Distracted
78.7,202.75,91.16,107,0.27,Distracted
47.07,81.4,102.88,86,0.47,Moderate
45.22,48.43,91.2,100,0.4,Moderate
49.54,45.41,25.54,97,0.51,Distracted
64.78,173.54,104.75,62,0.91,Distracted
19.08,101.05,45.11,91,0.85,Distracted
12.03,93.42,13.69,71,0.58,Distracted
66.3,47.36,78.4,87,0.99,Distracted
39.93,176.52,39.93,71,0.74,Distracted
71.39,208.96,61.16,85,0.34,Distracted
26.3,132.05,106.61,63,0.08,Moderate
68.09,149.72,20.09,101,0.76,Distracted
63.36,63.56,53.17,83,0.98,Distracted
74.37,100.86,88.37,73,0.47,Moderate
19.51,188.5,114.14,93,0.96,Distracted
53.59,66.13,72.41,109,0.89,Distracted
40.28,19.85,86.65,104,0.94,Distracted
13.39,163.08,119.9,92,0.12,Moderate
57.88,47.25,41.3,86,0.18,Moderate
51.18,128.45,69.5,76,0.39,Moderate
58.79,114.31,79.92,78,0.83,Distracted
31.94,13.82,34.5,91,0.35,Focused
14.2,178.72,11.0,105,0.83,Distracted
35.54,206.59,90.48,106,0.51,Moderate
74.95,87.71,117.62,85,0.61,Moderate
29.69,19.13,32.15,75,0.98,Distracted
55.05,47.85,73.8,66,0.4,Moderate
15.89,45.21,71.76,98,0.64,Moderate
21.3,189.07,32.14,106,0.85,Distracted
64.21,45.32,48.81,86,0.74,Distracted
54.06,20.91,76.22,78,0.41,Moderate
9.1,11.3,115.37,64,0.39,Focused
8.82,153.0,87.91,73,0.81,Distracted
65.98,39.16,28.75,68,0.96,Distracted
68.73,122.74,27.03,86,0.09,Distracted
72.04,150.98,65.78,77,0.22,Distracted
7.66,31.75,22.76,71,0.14,Moderate
48.34,210.37,57.92,81,0.98,Distracted
78.06,119.94,52.57,85,0.6,Distracted
67.15,50.18,109.66,84,0.8,Distracted
72.33,18.85,90.53,91,0.28,Focused
42.4,104.43,95.39,97,0.13,Moderate
54.33,51.26,102.94,102,0.53,Moderate
76.07,127.5,46.12,71,0.26,Distracted
77.06,30.54,5.0,95,0.29,Distracted
32.56,143.53,44.11,109,0.62,Distracted
32.72,211.33,97.03,100,0.56,Moderate
15.86,102.1,74.29,97,0.17,Moderate
77.82,92.15,37.7,61,0.05,Distracted
41.81,17.27,87.02,73,0.03,Focused
32.79,204.78,20.96,73,0.3,Distracted
61.32,37.33,24.99,60,0.6,Distracted
73.89,201.73,10.89,89,0.47,Distracted
17.68,95.4,81.12,97,0.94,Distracted
43.82,185.52,116.03,100,0.1,Moderate
70.86,196.69,76.93,79,0.26,Distracted
21.03,12.16,114.59,106,0.47,Moderate
37.12,152.49,79.63,94,0.9,Distracted
40.65,209.91,119.9,104,0.08,Moderate
6.2,150.24,13.48,81,0.76,Distracted
65.42,33.73,15.91,96,0.27,Distracted
68.74,85.9,25.7,100,0.42,Distracted
74.64,193.59,101.89,110,0.6,Moderate
53.61,86.32,65.97,90,0.29,Moderate
21.56,169.31,68.72,96,0.26,Moderate
9.29,111.86,88.21,107,0.58,Moderate
43.53,203.15,64.62,85,0.38,Distracted
73.18,136.49,47.46,104,0.84,Distracted
54.65,73.32,20.51,62,0.44,Distracted
77.09,108.03,22.11,74,0.35,Distracted
48.14,76.21,74.67,99,0.4,Moderate
23.94,36.59,76.31,108,0.19,Focused
20.96,29.38,67.19,100,0.12,Focused
65.44,147.15,24.01,77,0.68,Distracted
49.65,135.28,48.66,83,0.29,Distracted
18.46,122.74,68.23,94,0.22,Moderate
68.94,19.39,88.06,74,0.24,Focused
16.0,36.91,73.7,60,0.06,Focused
67.5,78.42,83.49,102,0.42,Moderate
33.59,157.8,56.0,81,0.49,Distracted
35.32,90.8,27.43,109,0.81,Distracted
32.8,109.87,97.6,63,0.66,Moderate
74.97,167.11,84.18,96,0.49,Distracted
55.33,66.21,83.89,106,0.25,Moderate
31.12,163.65,58.24,97,0.54,Distracted
9.16,102.79,34.8,90,0.11,Distracted
27.43,216.97,11.97,80,0.12,Distracted
51.22,146.24,75.54,67,0.7,Distracted
14.79,14.53,76.94,104,0.92,Distracted
52.39,67.79,45.05,66,0.63,Moderate
67.59,53.41,39.7,87,0.67,Distracted
61.22,149.56,84.12,69,0.78,Distracted
20.62,53.77,95.05,81,0.32,Focused
43.79,155.75,76.28,72,0.97,Distracted
24.7,176.19,69.66,105,0.98,Distracted
61.4,66.9,101.03,71,0.53,Moderate
11.62,127.22,40.61,103,0.28,Distracted
18.9,122.31,97.8,74,0.67,Moderate
11.67,56.05,44.04,74,0.68,Moderate
52.48,86.8,92.89,107,0.69,Moderate
29.18,62.83,115.07,108,0.38,Focused
32.02,101.86,86.97,70,0.85,Distracted
49.13,35.98,33.76,86,0.34,Moderate
37.9,29.71,33.43,86,0.37,Moderate
67.45,184.03,48.41,83,0.22,Distracted
55.06,191.61,91.66,97,0.18,Moderate
27.13,54.62,60.16,75,0.48,Moderate
40.56,106.78,89.47,63,0.08,Moderate
57.05,168.8,26.52,104,0.48,Distracted
68.99,124.89,110.89,102,0.53,Moderate
26.4,206.1,67.98,65,0.43,Distracted
31.51,31.52,66.8,60,0.46,Moderate
52.44,106.06,65.03,98,0.37,Moderate
56.05,97.95,93.9,69,0.67,Moderate
70.96,118.47,73.5,66,0.83,Distracted
61.54,155.78,75.66,82,0.75,Distracted
41.74,52.99,67.78,91,0.79,Distracted
55.97,72.86,68.13,68,0.55,Moderate
77.79,66.48,117.09,72,0.98,Distracted
42.78,16.01,68.2,85,0.2,Focused
74.31,219.95,98.86,68,0.91,Distracted
55.83,31.41,63.09,110,0.37,Focused
36.39,171.12,117.69,72,0.71,Distracted
7.02,169.84,25.61,73,0.77,Distracted
43.21,111.72,26.78,71,0.93,Distracted
71.73,12.35,39.69,105,0.54,Moderate
53.11,71.19,18.14,93,0.43,Distracted
6.31,39.92,79.13,67,0.87,Distracted
59.75,170.45,34.62,96,0.52,Distracted
7.36,192.58,93.15,97,0.62,Moderate
52.75,159.97,118.2,82,1.0,Distracted
21.93,162.02,75.34,107,0.67,Moderate
64.99,68.86,56.34,76,0.27,Moderate
56.39,152.76,60.97,63,0.01,Distracted
58.89,98.37,87.75,75,0.67,Moderate
79.63,33.66,104.28,83,0.67,Moderate
66.52,190.23,90.83,70,0.05,Moderate
69.1,99.81,6.22,73,0.05,Distracted
10.23,95.39,30.24,78,0.08,Distracted
12.62,215.98,5.28,101,0.93,Distracted
12.52,46.2,52.87,97,0.11,Focused
79.5,60.08,89.99,73,0.36,Moderate
27.41,196.37,17.96,101,0.2,Distracted
74.63,157.71,56.1,75,0.12,Distracted
14.58,148.72,61.72,62,0.77,Distracted
53.06,184.22,88.93,78,0.82,Distracted
61.83,154.85,65.87,71,0.61,Distracted
63.01,105.81,46.09,62,0.43,Distracted
69.68,52.15,41.98,97,0.42,Distracted
49.71,89.86,24.8,71,0.68,Distracted
76.3,74.14,17.21,103,0.44,Distracted
49.8,131.37,38.84,107,0.5,Distracted
59.98,16.4,99.0,65,0.81,Distracted
47.58,124.76,96.41,66,0.98,Distracted
60.07,68.04,104.0,71,0.03,Focused
7.91,98.45,111.68,92,0.95,Distracted
43.72,166.23,98.94,90,0.74,Distracted
75.8,169.69,83.59,87,0.85,Distracted
56.68,43.97,59.41,91,0.45,Moderate
26.12,33.37,78.34,104,0.32,Focused
24.66,52.12,21.12,84,0.71,Distracted
60.58,157.25,39.56,101,0.85,Distracted
44.67,135.07,93.2,72,0.11,Moderate
20.31,96.55,76.71,76,0.1,Moderate
66.95,83.79,55.94,81,0.84,Distracted
58.08,195.69,26.22,70,0.1,Distracted
79.91,218.71,115.12,104,0.01,Moderate
74.51,111.1,82.69,92,0.09,Moderate
7.97,135.97,61.75,98,0.4,Moderate
23.19,130.9,73.09,107,0.16,Moderate
54.5,184.42,114.47,76,0.03,Moderate
43.34,106.44,104.92,65,0.8,Distracted
33.61,68.15,100.38,81,0.16,Focused
23.63,84.06,116.3,69,0.4,Moderate
30.28,201.15,67.23,106,0.32,Distracted
41.89,132.93,34.31,86,0.29,Distracted
49.33,139.58,118.09,94,0.5,Moderate
50.13,53.66,89.36,104,0.82,Distracted
40.06,172.52,85.85,95,0.51,Moderate
66.36,79.47,98.53,76,0.29,Moderate
68.09,57.88,18.99,84,0.82,Distracted
79.92,112.49,36.11,85,0.77,Distracted
6.95,112.18,117.39,87,0.18,Focused
66.21,43.49,117.27,65,0.2,Focused
62.03,108.4,8.24,62,0.23,Distracted
67.25,42.47,100.54,109,0.56,Moderate
26.16,35.72,25.31,106,0.67,Moderate
65.24,121.09,113.04,91,0.08,Moderate
65.93,89.98,11.75,91,0.1,Distracted
11.76,188.76,47.98,107,0.76,Distracted
75.04,94.9,20.47,90,0.42,Distracted
48.17,218.65,37.09,96,0.44,Distracted
50.71,189.34,60.84,88,0.34,Distracted
44.89,87.68,70.46,101,0.48,Moderate
29.68,90.77,35.12,89,0.55,Distracted
29.47,183.01,41.37,91,0.26,Distracted
14.91,173.94,85.58,87,0.78,Distracted
34.52,35.8,53.38,103,0.82,Distracted
41.86,35.04,70.23,109,0.4,Moderate
74.47,190.12,28.19,87,0.67,Distracted
10.14,131.26,17.83,88,0.0,Distracted
74.17,65.41,66.63,63,0.34,Moderate
45.19,94.66,53.73,93,0.95,Distracted
75.64,199.12,115.06,67,0.97,Distracted
56.61,26.86,62.87,103,0.18,Focused
10.99,107.44,111.83,88,0.45,Moderate
46.51,46.42,113.48,62,0.58,Moderate
37.33,193.4,13.69,89,0.05,Distracted
53.03,135.26,89.19,92,0.4,Moderate
27.96,165.46,70.7,91,0.54,Moderate
45.98,158.4,55.27,78,0.45,Distracted
26.58,90.5,113.68,101,0.69,Moderate
25.68,164.75,20.04,77,0.48,Distracted
12.41,23.88,51.56,95,0.61,Moderate
58.42,17.85,26.85,83,0.43,Moderate
16.41,118.24,113.35,82,0.68,Moderate
16.93,124.03,81.35,106,0.03,Moderate
33.21,38.81,119.9,98,0.01,Focused
42.44,159.67,78.87,88,0.52,Moderate
19.34,14.83,77.26,84,0.02,Focused
13.12,194.62,107.12,80,0.2,Moderate
8.74,164.43,87.75,98,0.88,Distracted
6.03,198.11,52.95,75,0.14,Distracted
37.81,206.43,86.97,82,0.49,Moderate
26.63,186.79,8.65,84,0.26,Distracted
10.03,140.9,28.7,77,0.18,Distracted
75.26,126.34,104.16,75,0.02,Moderate
23.54,66.2,72.04,105,0.26,Focused
67.97,148.72,103.95,63,0.3,Moderate
46.19,40.0,62.12,63,0.4,Moderate
49.3,10.25,97.03,64,0.37,Focused
34.26,101.52,94.75,78,0.14,Moderate
73.78,93.44,88.26,82,0.63,Moderate
73.33,46.62,85.94,101,0.77,Distracted
44.78,51.34,111.77,105,0.23,Focused
9.75,132.14,28.61,102,0.45,Distracted
56.09,68.08,42.66,77,0.37,Distracted
40.67,138.63,44.52,94,0.66,Distracted
48.84,145.53,115.09,66,0.97,Distracted
43.98,219.26,34.49,79,0.4,Distracted
40.19,13.91,109.68,85,0.02,Focused
58.56,103.36,32.22,63,0.3,Distracted
48.66,204.31,15.78,109,0.96,Distracted
36.94,14.78,14.52,107,0.9,Distracted
16.88,75.09,113.6,95,0.62,Moderate
12.69,10.21,111.38,70,0.14,Focused
72.11,42.65,36.21,96,0.94,Distracted
51.17,13.38,68.35,77,0.57,Moderate
7.98,101.55,75.43,73,0.08,Moderate
57.5,115.25,119.87,90,0.84,Distracted
69.25,199.8,97.72,60,0.5,Moderate
77.48,182.56,11.53,97,0.4,Distracted
39.74,12.07,22.41,90,0.56,Moderate
75.93,210.74,40.22,99,0.17,Distracted
45.38,107.24,117.29,70,0.12,Focused
32.6,138.69,66.04,72,0.24,Moderate
56.85,209.0,29.76,96,0.95,Distracted
64.62,13.37,56.28,101,0.05,Focused
45.88,99.26,74.91,81,0.04,Moderate
20.59,112.61,57.93,62,0.35,Moderate
25.12,83.03,26.71,69,0.94,Distracted
8.33,55.78,60.59,109,0.28,Focused
41.38,116.37,111.63,77,0.96,Distracted
71.87,11.36,41.13,99,0.51,Moderate
62.69,99.22,55.92,109,0.21,Distracted
76.98,67.38,21.38,73,0.33,Distracted
29.84,11.59,103.72,83,0.97,Distracted
23.16,96.44,102.97,98,0.62,Moderate
41.85,210.54,8.89,82,0.58,Distracted
46.02,69.64,98.61,68,0.11,Focused
12.28,101.16,85.47,101,0.48,Moderate
59.08,32.79,116.04,78,0.5,Moderate
51.91,165.43,23.58,97,0.92,Distracted
58.05,59.68,42.52,104,0.64,Moderate
13.44,21.88,6.78,101,0.34,Distracted
5.48,10.54,57.51,88,0.0,Focused
10.61,90.71,58.06,91,0.4,Moderate
52.25,95.4,58.26,89,0.98,Distracted
35.04,142.57,74.71,105,0.8,Distracted
18.2,105.29,78.07,106,0.23,Moderate
16.54,164.0,95.3,94,0.51,Moderate
8.0,172.43,94.23,97,0.42,Moderate
38.61,89.13,22.3,100,0.59,Distracted
24.79,177.79,119.7,88,0.34,Moderate
26.35,183.94,31.9,89,0.49,Distracted
48.59,145.64,36.57,99,0.66,Distracted
71.51,167.73,56.75,93,0.83,Distracted
46.52,217.93,100.4,104,0.85,Distracted
57.51,36.65,36.76,108,0.8,Distracted
49.03,109.49,114.9,68,0.48,Moderate
13.87,75.55,68.87,101,0.47,Moderate
18.63,86.47,75.65,103,0.29,Focused
14.76,206.56,98.61,106,0.31,Moderate
45.39,19.29,56.97,75,0.51,Moderate
71.92,112.83,35.16,100,0.89,Distracted
25.59,89.63,18.79,88,0.76,Distracted
11.33,127.99,63.57,84,0.36,Moderate
58.65,71.68,111.65,72,0.23,Focused
42.62,127.11,14.78,77,0.1,Distracted
44.84,177.54,117.43,94,0.48,Moderate
39.51,195.95,116.83,78,0.03,Moderate
20.55,110.73,115.24,78,0.07,Focused
11.18,66.72,118.47,69,0.33,Focused
64.49,34.08,65.65,104,0.3,Moderate
33.54,120.43,108.31,82,0.51,Moderate
49.22,12.72,75.36,104,0.17,Focused
46.05,146.98,33.13,70,0.33,Distracted
16.73,49.57,59.82,89,0.9,Distracted
49.6,19.23,105.34,87,0.37,Focused
75.61,202.51,85.12,106,0.59,Distracted
74.42,119.77,96.48,69,0.47,Moderate
33.01,95.13,84.88,87,0.64,Moderate
51.04,82.3,106.99,91,0.4,Moderate
24.19,61.05,80.37,80,0.61,Moderate
63.49,57.75,9.16,97,0.7,Distracted
7.11,128.48,74.82,73,0.69,Moderate
9.84,212.7,57.97,66,0.96,Distracted
19.92,151.49,100.95,70,0.76,Distracted
74.71,56.9,42.33,77,0.59,Distracted
49.38,56.23,79.51,110,0.9,Distracted
18.8,119.03,70.82,78,0.05,Moderate
13.31,185.1,12.12,63,0.42,Distracted
51.13,65.75,23.03,108,0.82,Distracted
27.88,155.05,113.22,62,0.85,Distracted
6.9,75.45,64.33,66,0.38,Focused
49.78,151.71,48.44,94,0.67,Distracted
46.01,218.89,52.59,86,0.78,Distracted
7.69,53.1,20.54,68,0.28,Distracted
16.41,193.4,53.39,102,0.44,Distracted
13.81,126.88,28.62,75,0.6,Distracted
27.85,66.07,76.01,64,0.02,Focused
76.25,19.03,51.45,92,0.55,Moderate
77.39,56.0,83.02,108,0.57,Moderate
52.92,139.97,101.13,107,0.94,Distracted
14.38,158.24,25.21,102,0.14,Distracted
5.17,34.92,8.41,73,0.1,Distracted
18.44,217.96,104.66,107,0.03,Moderate
74.53,152.92,62.32,81,0.54,Distracted
20.87,96.14,62.16,63,0.94,Distracted
27.22,131.29,26.82,81,0.25,Distracted
46.83,189.88,10.19,66,0.43,Distracted
68.69,207.69,32.73,103,0.46,Distracted
76.54,155.86,49.76,82,0.23,Distracted
59.29,99.6,87.04,99,0.54,Moderate
62.64,113.0,96.0,67,0.28,Moderate
54.26,209.67,86.7,110,0.57,Distracted
26.26,17.81,85.53,67,0.07,Focused
19.75,142.36,31.09,95,0.53,Distracted
49.0,84.2,76.58,91,0.67,Moderate
13.14,113.28,65.54,105,0.35,Moderate
16.7,153.09,85.75,98,0.38,Moderate
24.56,96.18,11.63,103,0.92,Distracted
60.57,16.34,17.94,94,0.44,Distracted
37.66,163.67,102.18,95,0.38,Moderate
78.14,204.59,67.78,104,0.62,Distracted
13.98,208.47,9.36,71,0.73,Distracted
66.59,68.42,76.3,71,0.14,Moderate
26.19,146.22,62.35,85,0.18,Moderate
62.57,145.17,85.6,61,0.03,Moderate
49.05,17.46,46.16,68,0.64,Moderate
75.92,162.02,119.11,90,0.13,Moderate
26.4,214.44,115.93,67,0.13,Moderate
76.37,148.5,39.2,60,0.04,Distracted
62.51,177.16,113.03,89,0.49,Moderate
15.25,218.9,24.19,88,0.18,Distracted
47.16,54.58,40.26,88,0.86,Distracted
66.04,67.12,64.47,94,0.81,Distracted
74.01,63.53,20.23,72,0.85,Distracted
26.43,34.9,100.19,63,0.74,Distracted
47.81,97.29,49.95,82,0.04,Distracted
51.09,185.97,23.18,87,0.19,Distracted
14.96,121.17,27.41,98,0.5,Distracted
45.75,102.07,41.9,67,0.66,Distracted
28.94,152.4,38.43,102,0.61,Distracted
41.74,177.93,26.04,100,0.93,Distracted
57.55,60.58,79.31,108,0.14,Moderate
53.41,75.45,75.84,103,0.42,Moderate
37.55,95.4,90.04,75,0.96,Distracted
73.72,136.17,112.79,102,0.88,Distracted
13.63,56.99,18.97,82,0.03,Distracted
32.06,56.03,91.05,65,0.76,Distracted
54.25,107.85,109.69,66,0.53,Moderate
37.75,50.97,102.99,71,0.64,Moderate
66.54,34.06,13.21,82,0.87,Distracted
41.06,87.78,65.46,98,0.65,Moderate
75.0,176.76,115.64,86,0.41,Moderate
64.96,193.38,110.98,60,0.21,Moderate
44.16,163.38,111.15,75,0.22,Moderate
77.99,203.79,53.05,72,0.41,Distracted
68.28,150.13,106.08,92,0.29,Moderate
71.34,118.13,28.73,76,0.17,Distracted
49.98,150.43,39.98,78,0.84,Distracted
25.19,209.81,99.45,70,0.67,Moderate
29.31,202.4,91.21,98,0.03,Moderate
54.16,179.36,106.85,103,0.28,Moderate
58.19,127.56,34.69,99,0.05,Distracted
64.76,214.34,69.68,98,0.83,Distracted
44.0,23.55,57.21,102,0.13,Focused
62.81,202.71,40.15,96,0.85,Distracted
5.54,13.18,82.94,98,0.53,Moderate
77.57,10.72,57.24,102,0.92,Distracted
9.48,179.28,112.93,98,0.85,Distracted
54.2,31.95,54.35,73,0.37,Moderate
13.22,42.39,97.92,106,0.65,Moderate
76.44,16.46,42.24,87,0.21,Moderate
69.69,190.28,84.57,104,0.46,Distracted
55.05,205.92,73.09,87,0.57,Distracted
28.45,116.84,115.42,91,0.49,Moderate
48.07,177.91,111.22,68,0.33,Moderate
74.47,213.77,7.46,95,0.61,Distracted
48.78,181.87,79.25,68,0.18,Distracted
70.35,104.69,41.68,84,0.84,Distracted
73.3,190.61,5.83,80,0.13,Distracted
30.63,19.88,93.79,74,0.13,Focused
35.41,133.89,25.17,74,0.21,Distracted
73.4,68.74,104.3,103,0.91,Distracted
43.82,208.74,110.28,106,0.4,Moderate
57.82,123.23,62.63,87,0.32,Distracted
50.16,33.99,48.39,79,0.1,Moderate
28.97,161.81,42.93,60,0.15,Distracted
7.94,128.88,16.97,64,0.49,Distracted
48.53,122.53,91.81,92,0.88,Distracted
63.39,97.95,112.3,87,0.87,Distracted
78.88,61.62,86.8,87,0.72,Distracted
47.6,112.04,12.02,96,0.12,Distracted
61.63,202.28,15.1,71,0.57,Distracted
38.28,36.17,55.67,102,0.81,Distracted
21.69,216.15,9.3,82,0.08,Distracted
14.91,24.36,73.21,79,0.3,Focused
74.27,211.1,89.83,72,0.74,Distracted
20.08,156.84,16.26,105,0.27,Distracted
74.86,142.01,37.11,75,0.81,Distracted
50.12,154.91,112.01,77,0.78,Distracted
35.02,130.27,8.14,99,0.55,Distracted
56.79,66.83,58.55,92,0.81,Distracted
41.07,137.51,24.3,64,0.32,Distracted
60.3,192.89,62.68,66,0.29,Distracted
5.47,199.6,57.69,71,0.3,Distracted
24.95,206.12,66.19,80,0.42,Distracted
18.86,147.71,10.77,104,0.85,Distracted
63.61,81.9,25.82,81,0.0,Distracted
70.08,96.46,117.67,79,0.9,Distracted
48.31,169.55,96.18,105,0.47,Moderate
62.99,103.49,37.56,80,0.63,Distracted
53.97,208.33,34.77,69,0.68,Distracted
28.49,148.07,96.28,98,0.54,Moderate
67.71,54.88,8.28,70,0.45,Distracted
62.28,113.54,47.56,93,0.23,Distracted
31.95,67.48,102.48,102,0.64,Moderate
21.58,57.03,49.84,80,0.38,Moderate
41.6,125.14,111.43,76,0.64,Moderate
70.62,191.4,90.22,91,0.09,Distracted
67.95,188.63,11.48,102,0.57,Distracted
46.59,12.18,115.17,61,0.15,Focused
56.73,31.66,19.45,89,0.28,Distracted
39.99,38.5,102.75,93,0.5,Moderate
43.22,59.76,79.54,92,0.3,Focused
31.35,74.79,16.67,62,0.94,Distracted
34.81,215.33,115.93,71,0.44,Moderate
26.86,184.36,57.54,110,0.61,Distracted
46.96,160.19,109.51,70,0.11,Moderate
59.98,22.59,53.94,76,0.36,Moderate
51.49,188.95,100.83,86,0.01,Moderate
34.36,208.05,83.79,89,0.16,Distracted
59.42,181.14,53.25,102,0.42,Distracted
51.59,13.21,37.2,109,0.47,Moderate
19.9,116.01,31.16,70,0.27,Distracted
33.77,155.99,102.01,101,0.06,Moderate
14.01,137.51,110.44,68,0.82,Distracted
33.27,67.58,19.43,75,0.2,Distracted
59.68,108.05,63.04,85,0.23,Moderate
20.4,209.99,21.35,92,0.04,Distracted
8.3,32.29,68.32,87,0.05,Focused
30.39,162.65,46.64,91,0.58,Distracted
56.12,95.31,86.49,79,0.73,Distracted
75.3,55.1,52.85,95,0.45,Moderate
53.32,109.78,83.2,96,0.91,Distracted
58.32,178.87,28.87,61,0.13,Distracted
17.67,11.85,10.04,80,0.92,Distracted
78.2,34.79,25.92,94,0.72,Distracted
6.3,30.47,7.51,62,0.79,Distracted
24.03,193.56,27.19,63,0.56,Distracted
71.07,157.42,47.53,72,0.55,Distracted
43.35,43.74,13.91,108,0.05,Distracted
70.76,206.93,28.49,105,0.61,Distracted
77.07,111.94,14.61,83,0.23,Distracted
65.11,130.22,10.97,64,0.97,Distracted
76.33,74.08,32.75,92,0.84,Distracted
60.57,207.8,33.99,97,0.31,Distracted
75.26,169.42,49.68,63,0.45,Distracted
36.18,176.95,98.14,64,0.62,Moderate
32.14,191.78,109.83,92,0.33,Moderate
27.87,115.37,83.15,103,0.67,Moderate
74.24,101.37,25.46,60,0.79,Distracted
60.02,78.35,14.43,76,0.1,Distracted
76.84,118.12,101.95,103,0.67,Moderate
40.12,183.88,25.23,108,0.09,Distracted
30.19,157.23,72.45,91,0.81,Distracted
38.06,125.21,21.57,63,0.39,Distracted
69.58,94.68,20.19,95,0.1,Distracted
53.17,134.78,20.7,82,0.93,Distracted
7.12,97.32,104.3,108,0.19,Focused
15.36,173.26,86.28,99,0.61,Moderate
9.49,73.32,21.07,87,0.19,Distracted
59.02,17.84,73.86,104,0.63,Moderate
66.66,173.74,40.6,106,0.95,Distracted
38.51,35.67,90.56,80,0.54,Moderate
11.09,98.05,69.8,107,0.4,Moderate
50.79,136.2,96.24,97,0.65,Moderate
47.71,138.14,65.81,75,0.27,Moderate
78.41,57.59,67.02,76,0.44,Moderate
55.6,35.53,97.36,76,0.64,Moderate
61.87,82.55,14.76,88,0.8,Distracted
50.96,108.22,69.51,87,0.93,Distracted
67.61,210.75,12.29,109,0.84,Distracted
39.69,126.58,34.45,60,0.09,Distracted
17.34,133.09,119.59,77,0.32,Focused
72.59,69.39,51.67,61,0.92,Distracted
13.5,14.86,109.15,79,0.83,Distracted
36.2,95.31,71.75,83,0.96,Distracted
54.78,60.78,22.14,67,0.14,Distracted
59.07,89.36,13.23,93,0.43,Distracted
27.78,180.17,25.79,75,0.56,Distracted
75.14,94.94,78.12,70,0.5,Moderate
21.09,126.44,65.49,92,0.37,Moderate
58.36,121.25,77.16,92,0.17,Moderate
45.76,101.7,50.56,109,0.9,Distracted
36.08,93.95,80.86,85,0.91,Distracted
10.98,28.91,86.14,92,0.86,Distracted
79.44,123.18,55.48,90,0.05,Distracted
13.48,172.69,74.33,86,0.1,Moderate
70.46,55.65,48.43,82,0.66,Moderate
8.52,199.3,118.3,80,0.38,Moderate
61.34,191.43,93.39,76,0.28,Moderate
27.1,143.36,105.56,67,0.79,Distracted
76.26,155.57,65.08,105,0.36,Distracted
53.03,43.66,71.51,62,0.14,Focused
18.75,39.7,81.76,80,0.84,Distracted
18.9,117.71,115.54,64,0.11,Focused
51.95,23.5,85.25,96,0.43,Moderate
23.33,20.2,103.63,75,0.65,Moderate
8.48,40.19,68.85,81,0.24,Focused
69.23,43.84,69.78,77,0.71,Distracted
5.96,106.24,67.19,74,0.44,Moderate
63.42,54.68,52.66,74,0.6,Moderate
69.06,47.2,26.54,82,0.92,Distracted
23.91,51.32,6.45,73,0.75,Distracted
74.28,186.43,102.81,109,0.95,Distracted
78.77,218.76,36.09,103,0.65,Distracted
29.54,90.84,44.28,91,0.41,Moderate
52.71,113.77,80.17,91,0.38,Moderate
42.41,77.23,62.89,68,0.42,Moderate
48.28,213.92,24.2,70,0.04,Distracted
70.73,167.79,61.94,104,0.06,Distracted
76.01,205.51,20.33,103,0.28,Distracted
47.5,180.68,79.28,86,0.94,Distracted
26.78,162.23,109.13,94,0.49,Moderate
65.86,143.34,46.55,79,0.58,Distracted
18.31,215.71,112.29,104,0.42,Moderate
17.54,178.19,30.82,77,0.07,Distracted
74.03,199.96,72.99,110,0.7,Distracted
59.29,107.77,99.74,93,1.0,Distracted
56.1,123.8,21.15,105,0.59,Distracted
52.8,32.46,23.45,72,0.35,Distracted
36.09,141.74,67.17,77,0.52,Moderate
27.86,191.54,23.52,97,0.87,Distracted
17.75,22.78,24.02,101,0.66,Moderate
70.22,134.77,94.29,107,0.92,Distracted
47.67,34.21,65.84,108,0.41,Moderate
51.18,183.65,62.18,99,0.2,Distracted
62.93,121.56,51.53,110,0.99,Distracted
64.52,42.54,49.97,67,0.36,Moderate
54.72,107.24,37.52,90,0.85,Distracted
64.35,83.83,67.41,67,0.16,Moderate
36.84,114.59,52.0,75,0.38,Distracted
67.49,46.15,102.81,74,0.5,Moderate
20.54,44.34,16.9,80,0.55,Distracted
17.53,68.89,28.75,85,0.51,Distracted
20.44,133.13,110.92,101,0.84,Distracted
65.9,212.31,51.98,70,0.22,Distracted
32.7,129.23,33.81,97,0.01,Distracted
75.72,168.49,53.79,70,0.25,Distracted
74.54,100.28,94.06,78,0.17,Moderate
67.4,126.68,25.53,76,0.95,Distracted
63.4,45.88,14.84,96,0.6,Distracted
38.09,60.79,75.85,72,0.19,Focused
66.55,34.02,112.28,106,0.15,Focused
68.88,78.49,106.1,67,0.91,Distracted
59.43,187.3,107.54,84,0.39,Moderate
39.62,164.48,50.56,98,1.0,Distracted
64.24,42.01,20.96,61,0.16,Distracted
31.09,171.14,68.87,105,0.62,Distracted
26.11,204.67,22.41,108,0.01,Distracted
45.32,198.52,68.05,77,0.64,Distracted
66.41,89.45,25.69,100,0.12,Distracted
40.31,35.52,58.86,102,0.9,Distracted
68.22,85.64,45.42,88,0.42,Distracted
29.0,195.46,97.14,99,0.74,Distracted
7.93,162.69,97.33,89,0.17,Moderate
20.06,53.96,85.37,70,0.02,Focused
25.11,159.44,115.01,107,0.79,Distracted
58.11,78.51,96.82,90,0.35,Focused
39.86,49.54,35.58,64,0.06,Moderate
29.0,41.3,26.49,100,0.59,Moderate
70.34,45.75,26.1,82,0.42,Distracted
53.3,219.34,63.18,106,0.29,Distracted
10.11,178.04,56.61,108,0.51,Distracted
75.65,36.14,25.27,84,0.26,Distracted
56.35,177.99,11.17,85,0.23,Distracted
15.13,27.05,113.85,60,0.62,Moderate
49.3,130.59,118.77,97,0.63,Moderate
77.1,21.77,97.09,81,0.98,Distracted
11.17,193.51,59.62,81,0.52,Distracted
13.72,189.46,24.56,92,0.74,Distracted
28.93,86.13,38.93,82,0.01,Distracted
52.66,127.37,42.55,61,0.25,Distracted
44.98,50.8,64.25,96,0.15,Moderate
53.96,66.24,49.9,85,0.63,Moderate
36.89,171.23,78.18,87,0.47,Moderate
55.49,127.21,66.39,88,0.95,Distracted
64.14,170.57,96.39,110,0.4,Moderate
10.46,63.43,54.31,108,0.73,Distracted
42.41,95.44,61.06,103,0.5,Moderate
68.55,213.84,18.24,96,0.66,Distracted
47.2,50.05,70.93,87,0.09,Focused
52.63,198.79,109.1,102,0.07,Moderate
18.06,13.94,77.32,62,0.3,Focused
37.27,84.94,12.01,89,0.27,Distracted
18.35,11.98,76.71,83,0.48,Moderate
71.68,108.37,91.2,106,0.98,Distracted
40.38,15.66,104.2,64,0.07,Focused
17.37,117.78,76.52,87,0.44,Moderate
53.63,137.69,94.69,104,0.1,Moderate
6.7,46.92,118.16,63,0.4,Moderate
5.45,200.95,79.18,61,0.85,Distracted
34.74,58.61,63.61,108,0.18,Moderate
69.06,134.12,9.14,86,0.77,Distracted
32.95,185.16,22.0,90,0.32,Distracted
53.64,160.23,24.13,104,0.97,Distracted
70.56,57.65,113.82,70,0.11,Focused
46.84,194.44,99.97,110,0.43,Moderate
62.21,29.95,33.54,80,0.08,Moderate
5.57,127.34,99.78,69,0.42,Moderate
19.17,188.98,103.45,90,0.7,Distracted
23.76,41.26,6.59,97,0.88,Distracted
5.03,86.22,116.68,65,0.97,Distracted
20.4,130.18,107.08,72,0.69,Moderate
59.05,183.84,65.14,100,0.58,Distracted
71.99,147.56,14.54,99,0.32,Distracted
49.99,124.85,14.76,65,0.41,Distracted
54.62,90.26,107.99,75,0.93,Distracted
21.12,206.93,107.62,63,0.37,Moderate
41.68,12.9,118.47,95,0.52,Moderate
40.28,29.54,40.97,78,0.22,Moderate
20.56,90.59,44.33,94,0.18,Moderate
31.53,47.39,82.68,71,0.49,Moderate
23.31,208.54,56.93,74,0.32,Distracted
68.22,113.85,64.46,67,0.58,Moderate
46.52,66.26,7.71,79,0.14,Distracted
20.0,111.62,109.19,64,0.16,Focused
59.18,213.6,111.6,80,0.56,Moderate
53.87,70.55,113.14,78,0.85,Distracted
9.27,120.73,10.66,65,0.84,Distracted
22.14,176.86,104.96,88,0.36,Moderate
39.62,55.01,92.92,72,0.85,Distracted
56.68,22.72,28.85,71,0.22,Moderate
77.6,127.08,38.87,64,0.55,Distracted
27.02,135.05,16.17,67,0.39,Distracted
24.03,55.33,112.6,82,0.2,Focused
17.28,13.22,29.1,94,0.25,Focused
60.85,54.76,109.02,100,0.47,Moderate
62.53,104.19,19.38,85,0.06,Distracted
13.12,116.26,112.31,71,0.77,Distracted
41.67,31.72,76.73,102,0.58,Moderate
39.06,40.47,67.69,62,0.83,Distracted
37.24,172.15,18.07,67,0.52,Distracted
19.24,85.09,115.31,89,0.43,Moderate
37.73,150.67,104.36,92,0.25,Moderate
63.3,156.34,113.6,67,0.2,Moderate
67.82,33.42,66.51,105,0.03,Moderate
16.49,199.46,17.31,68,0.24,Distracted
22.33,212.4,47.03,91,0.56,Distracted
37.06,168.81,117.61,78,0.84,Distracted
41.24,125.88,67.16,90,0.57,Moderate
40.62,140.21,119.91,104,0.82,Distracted
55.22,117.25,114.87,90,0.12,Moderate
10.6,171.11,117.47,68,0.6,Moderate
71.94,191.27,39.18,77,0.52,Distracted
17.84,100.96,25.6,66,0.79,Distracted
47.93,23.08,96.16,100,0.79,Distracted
27.37,219.99,22.38,89,0.27,Distracted
27.25,125.68,113.74,65,0.86,Distracted
76.21,59.86,77.52,94,0.15,Moderate
55.7,54.15,21.58,80,0.03,Distracted
25.53,96.01,42.56,92,0.14,Moderate
72.11,55.98,16.95,87,0.12,Distracted
65.7,69.73,92.26,91,0.3,Moderate
22.15,194.06,36.13,109,0.67,Distracted
76.77,28.38,87.4,66,0.58,Moderate
20.89,27.63,23.66,107,0.58,Moderate
35.13,150.71,38.26,82,0.47,Distracted
67.91,174.72,39.65,73,0.07,Distracted
54.95,194.92,72.41,70,0.18,Distracted
5.74,199.89,103.02,75,0.8,Distracted
58.42,41.98,91.9,64,0.98,Distracted
25.31,44.73,7.62,100,0.79,Distracted
45.52,100.16,19.0,86,0.79,Distracted
79.05,218.79,106.85,83,0.97,Distracted
44.73,112.55,83.63,90,0.25,Moderate
15.09,118.11,15.38,83,0.91,Distracted
26.95,86.5,102.69,73,0.32,Focused
66.83,143.09,70.98,103,0.07,Distracted
17.37,180.22,49.88,90,0.52,Distracted
67.92,22.53,93.01,63,0.85,Distracted
47.47,56.02,14.08,83,0.9,Distracted
54.93,130.02,106.91,63,0.48,Moderate
63.17,115.15,71.31,85,0.94,Distracted
23.44,71.54,26.46,65,0.48,Distracted
57.53,172.97,61.82,91,0.45,Distracted
68.62,152.88,55.38,84,0.43,Distracted
31.82,144.58,112.18,83,0.71,Distracted
69.96,159.63,55.12,87,0.44,Distracted
67.26,139.07,34.69,93,0.12,Distracted
77.22,51.6,68.5,107,0.38,Moderate
7.83,219.16,75.23,62,0.54,Distracted
7.36,172.47,118.88,86,0.67,Moderate
66.32,207.71,115.97,62,0.21,Moderate
69.59,11.57,43.05,67,0.05,Moderate
15.83,120.45,105.7,96,0.84,Distracted
23.75,142.69,23.25,60,0.34,Distracted
75.85,112.86,74.6,108,0.02,Moderate
54.38,43.15,53.14,91,0.62,Moderate
12.94,62.09,109.79,73,0.74,Distracted
15.72,66.8,12.92,85,0.1,Distracted
50.66,62.99,33.91,108,0.82,Distracted
47.4,47.23,46.04,79,0.62,Moderate
33.04,127.48,113.36,97,0.86,Distracted
42.72,147.48,110.93,85,0.29,Moderate
37.26,93.2,22.46,84,0.29,Distracted
67.49,212.59,94.01,103,0.04,Distracted
39.36,133.65,40.14,96,0.71,Distracted
20.16,146.08,109.31,86,0.81,Distracted
79.57,210.08,68.75,83,0.99,Distracted
44.2,94.24,59.02,109,0.75,Distracted
7.93,67.29,24.66,105,0.08,Distracted
63.63,55.09,28.74,78,0.64,Distracted
73.03,27.01,90.58,70,0.91,Distracted
31.13,165.59,45.62,70,0.4,Distracted
46.53,86.42,115.36,94,0.5,Moderate
27.39,70.41,50.78,95,0.83,Distracted
51.03,171.34,82.09,67,0.76,Distracted
25.98,85.62,24.16,73,1.0,Distracted
62.12,134.58,67.24,99,0.66,Distracted
65.59,41.5,103.37,88,0.16,Focused
62.04,122.41,53.19,92,0.62,Distracted
51.01,165.12,113.18,89,0.37,Moderate
63.29,29.26,102.55,85,0.02,Focused
12.89,174.17,28.9,74,0.4,Distracted
76.9,24.15,92.2,78,0.92,Distracted
13.66,150.4,71.04,64,0.66,Moderate
38.0,81.37,9.56,63,0.82,Distracted
53.18,136.46,51.39,99,0.54,Distracted
42.67,18.2,8.73,98,0.01,Distracted
59.33,95.87,113.82,97,0.44,Moderate
43.63,62.28,84.47,66,0.87,Distracted
11.74,54.98,15.17,96,0.4,Distracted
75.43,177.31,78.75,94,0.84,Distracted
47.69,117.89,11.33,64,0.18,Distracted
5.28,99.57,80.36,64,0.45,Moderate
47.44,78.52,56.9,76,0.05,Moderate
9.49,166.65,58.1,108,0.95,Distracted
55.38,174.2,12.86,67,0.25,Distracted
52.86,186.54,101.13,62,0.61,Moderate
54.51,131.19,11.81,70,0.11,Distracted
62.45,106.96,63.48,109,0.05,Moderate
33.89,127.73,12.08,62,0.26,Distracted
68.83,96.5,82.93,96,0.94,Distracted
45.08,148.91,38.71,60,0.27,Distracted
32.13,51.65,24.19,107,0.8,Distracted
72.0,166.98,21.59,103,0.28,Distracted
24.1,14.35,36.85,91,0.14,Focused
30.68,74.09,102.47,99,0.52,Moderate
24.37,26.25,57.98,71,0.59,Moderate
64.28,126.26,85.19,75,0.69,Moderate
73.77,193.97,11.61,83,0.59,Distracted
14.38,193.8,57.91,75,0.74,Distracted
5.42,52.24,76.25,75,0.19,Focused
51.41,99.89,87.58,93,0.54,Moderate
42.89,107.07,78.93,84,0.74,Distracted
70.3,66.51,25.62,82,0.9,Distracted
69.71,38.89,27.71,61,0.83,Distracted
6.16,218.87,49.87,60,0.41,Distracted
42.41,167.18,21.51,93,0.52,Distracted
27.03,159.41,67.0,89,0.93,Distracted
59.08,57.37,73.74,85,0.15,Moderate
46.49,98.48,46.83,79,0.75,Distracted
17.49,91.99,116.57,67,0.14,Focused
28.89,65.27,30.85,69,0.72,Distracted
67.45,209.13,108.78,108,0.91,Distracted
29.24,118.38,64.19,85,0.28,Moderate
6.48,78.32,29.35,72,0.65,Distracted
76.27,35.27,18.54,75,0.78,Distracted
9.9,120.18,21.74,103,0.16,Distracted
34.54,78.62,40.59,97,0.13,Moderate
9.59,173.93,29.82,104,0.35,Distracted
37.68,21.25,102.21,73,1.0,Distracted
21.71,172.11,88.72,62,0.99,Distracted
42.98,12.7,9.32,96,0.52,Distracted
25.08,39.87,89.01,104,0.05,Focused
68.14,18.67,112.69,84,0.58,Moderate
28.05,96.99,101.18,88,0.36,Focused
74.63,91.17,39.08,61,0.73,Distracted
50.99,211.07,34.1,63,0.24,Distracted
23.21,68.23,88.24,103,0.52,Moderate
47.6,111.17,61.33,100,0.74,Distracted
47.41,149.03,83.8,97,0.14,Moderate
34.17,36.82,21.3,87,0.13,Distracted
8.26,176.87,63.5,94,0.5,Distracted
31.69,152.26,114.49,76,0.08,Moderate
58.48,144.07,25.4,80,0.72,Distracted
45.26,38.08,5.93,93,0.37,Distracted
49.14,209.02,36.14,70,0.85,Distracted
28.42,84.59,88.03,61,0.16,Focused
33.81,65.38,10.67,84,0.64,Distracted
60.36,172.64,119.59,60,0.34,Moderate
26.37,109.69,106.83,82,0.55,Moderate
62.77,80.27,89.06,105,0.75,Distracted
20.96,195.36,31.61,70,0.94,Distracted
78.29,34.61,20.51,104,0.88,Distracted
34.5,156.55,38.51,76,0.31,Distracted
29.44,51.84,79.96,100,0.3,Focused
78.44,100.02,84.15,68,0.81,Distracted
26.41,176.54,37.39,97,0.73,Distracted
14.06,198.42,117.81,104,0.08,Moderate
78.13,129.5,23.37,62,0.03,Distracted
59.59,145.84,18.58,72,0.42,Distracted
75.1,46.41,76.52,110,0.03,Moderate
79.21,116.29,108.52,64,0.23,Moderate
38.45,74.52,49.85,95,0.1,Moderate
25.16,46.72,51.05,100,0.87,Distracted
65.32,30.02,85.32,78,0.46,Moderate
21.44,167.31,39.86,61,0.5,Distracted
73.84,37.35,73.26,82,0.34,Moderate
13.14,40.45,14.73,80,0.99,Distracted
53.68,180.85,95.81,70,0.3,Moderate
50.16,44.14,55.84,92,0.51,Moderate
35.3,30.88,36.02,71,0.83,Distracted
55.94,35.34,114.89,87,0.59,Moderate
65.88,168.51,71.91,66,0.04,Distracted
75.28,34.12,19.12,62,0.87,Distracted
18.78,115.55,51.01,72,0.08,Moderate
45.76,199.27,10.14,86,0.96,Distracted
50.13,175.57,11.51,105,0.56,Distracted
25.05,53.11,94.21,84,0.87,Distracted
29.2,34.78,46.6,102,0.98,Distracted
22.58,112.8,61.86,90,0.16,Moderate
53.03,27.1,95.6,70,0.2,Focused
79.17,35.25,82.89,93,0.72,Distracted
30.7,15.15,47.43,76,0.4,Moderate
63.53,31.17,28.15,106,0.38,Distracted
54.76,15.66,64.49,79,0.58,Moderate
33.72,165.15,14.89,69,0.45,Distracted
55.92,27.0,56.4,104,0.21,Moderate
7.57,123.67,96.22,98,0.66,Moderate
51.12,117.09,75.84,109,0.45,Moderate
66.02,145.81,51.12,75,0.16,Distracted
76.86,87.09,41.62,102,0.87,Distracted
78.91,158.94,81.13,109,0.76,Distracted
41.18,83.76,60.94,92,0.26,Moderate
37.24,139.31,102.75,103,0.94,Distracted
58.32,101.29,83.8,61,0.93,Distracted
43.84,204.35,72.47,96,0.34,Distracted
47.61,80.15,75.52,80,0.61,Moderate
29.31,90.78,97.39,67,0.42,Moderate
6.82,77.75,24.49,61,0.83,Distracted
73.08,49.29,27.43,88,0.25,Distracted
45.53,106.03,108.98,100,0.94,Distracted
37.86,88.89,21.22,77,0.96,Distracted
62.34,111.34,9.69,62,0.61,Distracted
23.98,206.33,78.47,71,0.6,Distracted
73.7,143.38,76.19,94,0.48,Moderate
29.08,40.3,99.26,90,0.27,Focused
57.19,43.43,59.56,101,0.34,Moderate
50.8,23.54,86.33,67,0.7,Distracted
42.25,44.78,54.66,109,0.06,Moderate
18.16,64.18,82.24,64,0.63,Moderate
35.37,94.21,34.05,106,0.38,Distracted
22.96,98.49,26.25,66,0.04,Distracted
71.28,182.92,73.75,63,0.45,Distracted
23.56,196.46,82.54,68,0.57,Moderate
54.78,83.99,31.7,71,0.75,Distracted
36.9,37.59,11.87,66,0.12,Distracted
56.99,23.86,35.15,62,0.08,Moderate
35.33,51.85,11.03,67,0.13,Distracted
38.57,75.23,23.59,108,0.23,Distracted
66.9,130.68,11.59,67,0.39,Distracted
66.05,197.93,55.86,77,0.09,Distracted
12.15,69.03,78.46,77,0.09,Focused
13.31,68.27,5.86,63,0.11,Distracted
9.3,150.28,101.09,71,0.24,Moderate
33.83,41.45,94.81,70,0.08,Focused
18.67,99.37,25.16,107,0.11,Distracted
47.28,122.83,11.59,102,0.34,Distracted
56.91,136.87,102.69,60,0.1,Moderate
35.61,182.07,65.68,72,0.92,Distracted
10.54,45.94,119.24,77,0.2,Focused
28.28,120.11,53.08,74,0.39,Moderate
53.38,198.32,94.85,74,0.24,Moderate
15.86,59.28,55.43,75,0.65,Moderate
13.95,79.82,72.83,78,0.88,Distracted
78.66,48.1,40.37,108,0.63,Distracted
34.21,109.03,5.66,82,0.44,Distracted
64.04,185.28,18.44,87,0.77,Distracted
25.15,54.79,32.78,109,0.18,Moderate
44.55,110.67,86.61,79,0.66,Moderate
16.48,161.27,40.51,82,0.01,Distracted
24.09,141.21,87.37,78,0.26,Moderate
37.97,156.58,107.24,79,0.04,Moderate
18.75,211.9,57.32,68,0.5,Distracted
77.73,150.55,50.69,106,0.34,Distracted
71.4,33.02,9.03,82,0.75,Distracted
25.03,60.37,116.0,64,0.72,Distracted
69.74,50.32,10.71,64,0.28,Distracted
17.34,156.4,47.64,82,0.65,Distracted
54.4,152.96,52.69,65,0.06,Distracted
69.21,167.17,18.6,100,0.19,Distracted
61.85,210.15,49.38,82,0.68,Distracted
61.48,128.82,47.9,60,0.62,Distracted
42.92,139.78,117.32,93,0.71,Distracted
68.1,200.69,66.04,71,0.28,Distracted
20.43,216.83,70.57,95,0.23,Distracted
22.94,38.89,107.09,106,0.57,Moderate
65.62,89.74,38.1,69,0.36,Distracted
33.37,112.26,8.89,73,0.51,Distracted
27.71,126.91,51.94,60,0.5,Distracted
38.72,111.81,28.16,65,0.01,Distracted
47.87,19.9,41.03,98,0.84,Distracted
20.01,198.15,73.78,91,0.87,Distracted
79.35,90.22,31.19,102,0.14,Distracted
14.23,210.84,11.96,79,0.14,Distracted
22.01,36.45,56.93,78,0.83,Distracted
66.94,101.97,86.94,73,0.06,Moderate
23.81,119.33,112.44,72,0.98,Distracted
10.71,90.87,107.58,97,0.98,Distracted
67.79,97.72,51.95,73,0.31,Distracted
14.89,147.18,20.69,108,0.49,Distracted
73.52,132.31,63.15,90,0.99,Distracted
34.64,130.81,90.88,74,0.39,Moderate
5.87,44.58,22.0,64,0.89,Distracted
63.17,143.62,65.37,87,0.45,Distracted
26.31,176.09,60.05,97,0.1,Distracted
60.8,157.26,73.48,84,0.73,Distracted
11.51,162.65,21.05,92,0.43,Distracted
33.39,83.5,9.5,69,0.24,Distracted
50.74,95.39,5.32,72,0.0,Distracted
42.24,109.22,76.77,77,0.84,Distracted
51.1,95.23,21.33,68,0.31,Distracted
16.89,29.24,27.93,75,0.4,Moderate
68.38,153.74,12.17,91,0.44,Distracted
52.86,187.67,45.65,88,0.25,Distracted
23.07,69.88,17.95,92,0.6,Distracted
11.69,89.55,92.21,83,0.65,Moderate
43.05,113.04,82.85,79,0.31,Moderate
6.35,95.4,20.01,76,0.97,Distracted
67.82,60.48,116.99,63,0.05,Focused
25.26,140.34,80.7,88,0.06,Moderate
65.49,143.82,85.41,60,0.9,Distracted
50.15,164.61,45.48,83,0.96,Distracted
79.97,142.08,55.56,78,0.52,Distracted
66.73,55.21,27.7,91,0.96,Distracted
38.74,170.15,14.74,103,0.6,Distracted
71.44,138.43,103.57,90,0.5,Moderate
17.28,18.52,26.89,90,0.38,Focused
55.25,97.9,68.96,93,0.55,Moderate
66.58,207.62,52.1,60,0.17,Distracted
17.55,186.22,77.94,90,0.56,Moderate
5.03,131.62,8.95,67,0.34,Distracted
22.19,11.09,40.3,101,0.21,Focused
