timestamp,heart_rate,motion_level,eeg_score,fusion_score,state
2026-09-26T14:34:50,85,0.5,26.3,43.4,Moderate
2026-09-26T14:34:53,68,0.01,25.2,47.5,Moderate
2026-09-26T14:34:55,86,0.82,29.3,42.3,Moderate
2026-09-26T14:34:58,82,0.54,25.2,42.2,Moderate
2026-09-26T14:35:00,75,0.14,27.9,48.1,Moderate
2026-09-26T14:35:02,83,0.1,27.7,48.4,Moderate
2026-09-26T14:35:03,78,0.49,24.6,42.3,Moderate
2026-09-26T14:35:04,69,0.8,25.3,39.7,Distracted
2026-09-26T14:35:05,76,0.8,29.0,42.3,Moderate
2026-09-26T14:35:07,75,0.25,29.0,47.8,Moderate
2026-09-26T14:35:07,72,0.86,28.1,41.1,Moderate
2026-09-26T14:35:09,90,0.71,27.9,42.4,Moderate
2026-09-26T14:35:10,76,0.16,27.5,47.6,Moderate
2026-09-26T14:35:12,67,0.29,23.7,43.7,Moderate
2026-09-26T14:35:12,77,0.98,26.2,38.5,Distracted
2026-09-26T14:35:14,85,0.31,28.7,47.0,Moderate
2026-09-26T14:35:15,92,0.93,28.6,40.7,Moderate
2026-09-26T14:35:16,90,0.53,26.4,43.2,Moderate
2026-09-26T14:35:17,65,0.09,26.3,47.5,Moderate
2026-09-26T14:35:19,88,0.47,26.3,43.7,Moderate
2026-09-26T14:35:20,78,0.62,25.9,41.9,Moderate
2026-09-26T14:35:22,80,0.14,25.3,46.3,Moderate
2026-09-26T14:35:22,71,0.5,28.1,44.7,Moderate
2026-09-26T14:35:24,92,0.05,26.6,48.1,Moderate
2026-09-26T14:35:25,89,0.13,24.4,45.8,Moderate
2026-09-26T14:35:27,80,0.53,27.4,43.9,Moderate
2026-09-26T14:35:27,77,0.33,25.9,44.8,Moderate
2026-09-26T14:35:29,74,0.93,26.9,39.5,Distracted
2026-09-26T14:35:30,84,0.78,23.8,38.9,Distracted
2026-09-26T14:35:32,91,0.71,28.0,42.5,Moderate
2026-09-26T14:35:33,66,0.51,28.8,45.1,Moderate
2026-09-26T14:35:34,81,0.15,29.0,48.8,Moderate
2026-09-26T14:35:35,67,0.77,28.0,41.9,Moderate
2026-09-26T14:35:37,79,0.91,28.5,40.8,Moderate
2026-09-26T14:35:38,73,0.99,26.1,38.4,Distracted
2026-09-26T14:35:39,85,0.49,22.9,41.1,Moderate
2026-09-26T14:35:40,94,0.8,25.7,40.0,Moderate
2026-09-26T14:35:42,82,0.48,26.2,43.5,Moderate
2026-09-26T14:35:43,68,0.08,27.6,48.5,Moderate
2026-09-26T14:35:44,93,0.09,26.1,47.4,Moderate
2026-09-26T14:35:45,78,0.52,26.5,43.3,Moderate
2026-09-26T14:35:47,65,0.85,27.9,41.0,Moderate
2026-09-26T14:35:48,89,0.1,25.7,47.0,Moderate
2026-09-26T14:35:49,88,0.76,23.1,38.6,Distracted
2026-09-26T14:35:50,67,0.38,26.2,44.5,Moderate
2026-09-26T14:35:52,91,0.75,27.0,41.4,Moderate
2026-09-26T14:35:53,75,0.34,28.3,46.4,Moderate
2026-09-26T14:35:54,83,0.2,25.0,45.5,Moderate
2026-09-26T14:35:55,69,0.19,29.7,48.9,Moderate
2026-09-26T14:35:57,88,0.14,24.0,45.4,Moderate
2026-09-26T14:35:58,67,0.67,24.1,40.2,Moderate
2026-09-26T14:35:59,84,0.92,25.3,38.5,Distracted
2026-09-26T14:36:00,73,0.51,26.9,43.7,Moderate
2026-09-26T14:36:02,90,0.34,27.1,45.6,Moderate
2026-09-26T14:36:03,78,0.02,27.6,49.1,Moderate
2026-09-26T14:36:04,77,0.11,28.7,49.0,Moderate
2026-09-26T14:36:05,92,0.84,24.0,38.4,Distracted
2026-09-26T14:36:07,84,0.84,26.6,40.2,Moderate
2026-09-26T14:36:08,90,0.32,31.7,49.0,Moderate
2026-09-26T14:36:09,87,0.03,24.6,46.9,Moderate
2026-09-26T14:36:10,94,0.87,23.0,37.4,Distracted
2026-09-26T14:36:12,74,0.35,24.5,43.6,Moderate
2026-09-26T14:36:12,93,0.54,31.6,46.7,Moderate
2026-09-26T14:36:14,95,0.97,24.9,37.7,Distracted
2026-09-26T14:36:15,68,0.03,27.7,49.1,Moderate
2026-09-26T14:36:17,79,0.22,23.4,44.2,Moderate
2026-09-26T14:36:17,90,0.08,26.8,48.0,Moderate
2026-09-26T14:36:19,72,0.92,27.8,40.3,Moderate
2026-09-26T14:36:20,93,0.33,30.9,48.3,Moderate
2026-09-26T14:36:22,85,0.07,26.4,47.8,Moderate
2026-09-26T14:36:22,68,0.51,24.6,42.1,Moderate
2026-09-26T14:36:24,78,0.75,24.8,39.9,Distracted
2026-09-26T14:36:25,89,0.58,26.3,42.6,Moderate
2026-09-26T14:36:27,76,0.33,29.8,47.6,Moderate
2026-09-26T14:36:27,69,0.81,26.1,40.2,Moderate
2026-09-26T14:36:29,74,0.43,28.6,45.7,Moderate
2026-09-26T14:36:30,77,0.4,27.5,45.2,Moderate
2026-09-26T14:36:32,81,0.86,23.1,37.6,Distracted
2026-09-26T14:36:32,83,0.14,24.6,45.8,Moderate
2026-09-26T14:36:34,71,0.83,26.6,40.3,Moderate
2026-09-26T14:36:35,86,0.78,27.0,41.1,Moderate
2026-09-26T14:36:37,91,0.07,24.7,46.6,Moderate
2026-09-26T14:36:37,67,0.6,30.5,45.3,Moderate
2026-09-26T14:36:39,80,0.63,24.0,40.5,Moderate
2026-09-26T14:36:40,69,0.63,26.8,42.5,Moderate
2026-09-26T14:36:42,70,0.29,33.2,50.3,Moderate
2026-09-26T14:36:43,90,0.69,24.8,40.5,Moderate
2026-09-26T14:36:44,72,0.33,23.7,43.3,Moderate
2026-09-26T14:36:45,67,0.52,27.1,43.8,Moderate
2026-09-26T14:36:47,86,0.67,28.5,43.2,Moderate
2026-09-26T14:36:47,83,0.56,28.0,44.0,Moderate
2026-09-26T14:36:49,90,0.36,27.8,45.9,Moderate
2026-09-26T14:36:50,80,0.45,29.5,46.2,Moderate
2026-09-26T14:36:52,90,0.81,27.8,41.4,Moderate
2026-09-26T14:36:52,95,0.95,27.7,39.9,Distracted
2026-09-26T14:36:54,65,0.36,26.1,44.7,Moderate
2026-09-26T14:36:55,76,0.26,28.5,47.4,Moderate
2026-09-26T14:36:57,66,0.51,26.3,43.3,Moderate
2026-09-26T14:36:57,72,0.39,25.3,43.8,Moderate
2026-09-26T14:36:59,89,0.08,29.2,49.6,Moderate
2026-09-26T14:37:00,74,0.24,25.2,45.2,Moderate
2026-09-26T14:37:02,78,0.18,24.9,45.6,Moderate
2026-09-26T14:37:02,83,0.01,29.2,50.3,Moderate
2026-09-26T14:37:04,72,0.53,28.4,44.6,Moderate
2026-09-26T14:37:05,67,0.99,25.2,37.7,Distracted
2026-09-26T14:37:07,72,0.74,25.0,40.1,Moderate
2026-09-26T14:37:07,78,0.76,25.1,40.0,Moderate
2026-09-26T14:37:09,89,0.27,29.8,48.2,Moderate
2026-09-26T14:37:10,85,0.47,30.0,46.3,Moderate
2026-09-26T14:37:12,88,0.08,25.6,47.1,Moderate
2026-09-26T14:37:12,72,0.74,25.0,40.1,Moderate
2026-09-26T14:37:14,91,0.5,26.7,43.7,Moderate
2026-09-26T14:37:15,81,0.47,24.4,42.4,Moderate
2026-09-26T14:37:17,93,0.88,26.9,40.0,Moderate
2026-09-26T14:37:18,74,0.88,24.5,38.4,Distracted
2026-09-26T14:37:20,76,0.01,25.7,47.9,Moderate
2026-09-26T14:37:20,75,0.84,25.8,39.7,Distracted
2026-09-26T14:37:22,81,0.7,28.7,43.1,Moderate
2026-09-26T14:37:23,81,0.65,27.3,42.6,Moderate
2026-09-26T14:37:24,86,0.46,28.6,45.4,Moderate
2026-09-26T14:37:25,92,0.11,26.0,47.1,Moderate
2026-09-26T14:37:27,94,0.26,28.2,47.1,Moderate
2026-09-26T14:37:28,74,0.82,25.5,39.6,Distracted
2026-09-26T14:37:29,80,0.44,31.4,47.6,Moderate
2026-09-26T14:37:30,87,0.8,26.3,40.4,Moderate
2026-09-26T14:37:32,93,0.05,26.0,47.7,Moderate
2026-09-26T14:37:33,92,0.17,26.8,47.1,Moderate
2026-09-26T14:37:34,66,0.3,26.6,45.6,Moderate
2026-09-26T14:37:35,92,0.66,27.8,42.9,Moderate
2026-09-26T14:37:37,82,0.11,28.4,48.8,Moderate
2026-09-26T14:37:38,87,0.99,25.9,38.2,Distracted
2026-09-26T14:37:39,68,0.64,24.2,40.5,Moderate
2026-09-26T14:37:40,79,0.38,25.7,44.2,Moderate
2026-09-26T14:37:42,74,0.18,26.5,46.8,Moderate
2026-09-26T14:37:43,82,0.9,28.2,40.7,Moderate
2026-09-26T14:37:44,86,0.69,29.3,43.6,Moderate
2026-09-26T14:37:45,87,0.66,26.9,42.2,Moderate
2026-09-26T14:37:47,73,0.41,23.6,42.4,Moderate
2026-09-26T14:37:48,94,0.96,29.7,41.2,Moderate
2026-09-26T14:37:49,89,0.61,26.5,42.4,Moderate
2026-09-26T14:37:50,82,0.84,22.9,37.6,Distracted
2026-09-26T14:37:52,83,0.6,28.1,43.7,Moderate
2026-09-26T14:37:53,71,0.52,30.0,45.8,Moderate
2026-09-26T14:37:55,77,0.87,28.1,41.0,Moderate
2026-09-26T14:37:58,73,0.67,25.3,41.0,Moderate
2026-09-26T14:38:00,91,0.87,28.6,41.3,Moderate
2026-09-26T14:38:03,91,0.52,29.0,45.1,Moderate
2026-09-26T14:38:06,72,0.34,26.5,45.2,Moderate
2026-09-26T14:38:08,87,0.3,30.5,48.3,Moderate
2026-09-26T14:38:11,75,0.57,27.2,43.3,Moderate
2026-09-26T14:38:13,65,0.31,27.0,45.8,Moderate
2026-09-26T14:38:16,93,0.55,25.9,42.6,Moderate
2026-09-26T14:38:18,92,0.72,26.8,41.6,Moderate
2026-09-26T14:38:21,80,0.46,30.4,46.7,Moderate
2026-09-26T14:38:24,67,0.63,29.6,44.4,Moderate
2026-09-26T14:38:26,74,0.82,26.7,40.5,Moderate
2026-09-26T14:38:29,71,0.06,28.9,49.6,Moderate
2026-09-26T14:38:31,92,0.63,27.9,43.2,Moderate
2026-09-26T14:38:34,86,0.32,31.7,49.0,Moderate
